Teks,label
 promo  beli paket flash 1gb my telkomsel app dpt extra kuota 2gb 4g lte extra nelpon 100mnt 1hr  buru  cek tsel me mytsel1 s  k,1
2 5 gb 30 rp 35 ribu spesial pilih  aktif  550  905   promo sd 30 nov 2015 buru aktif  s  k,1
2016-07-08 11 47 11 plg yth  sisa kuota flash 478kb  download mytelkomsel apps http  tsel me tsel utk cek kuota  beli paket flash hub  363 ,1
2016-08-07 11 29 47 plg yth  sisa kuota flash 7160kb  download mytelkomsel apps http  tsel me tsel utk cek kuota  beli paket flash hub  363 ,1
4 5gb 30 rp 55 ribu spesial pilih  aktif  550  907  buru   skb,1
5  ekstra pulsa 50rb dg beli paket internet bulan mytelkomsel utk beli sjk 25aug-25sept  cek detail promo tsel me mytsel1,1
iring dgn tarif rp  0 1 7hr  panjang rp  3190 7hr  hits armada - curi hati  tekan  808  3  1  4  1  ok call  info  100  111,1
eks loh  internetan pake volume ultima 900mb 30hr  hrga rp 35rb  100  471   tarif  lokasi cek tsel me fl,1
aktif iring coboy jr - hebat  tekan  808  7   info  100  111 hits baru noah - engkau  aktif iring nya hp  ketik mg noah02 kirim 808 info  100  111 berkah iring rp 1000 dr yuni shara -  aktif iring nya  tkn  808  1  2  3  ok call  raih thr puluhanjt   henti  unreg 808,1
ambil bonus hari  600   bebas pulsa   dptkan gratis nelpon internetan promo sesuai hobi ,1
henti langgan paket flash  ketik flash  spasi  ya tuju  tunggu sms konfirmasi nonaktif paket,1
langgan paket rp  10000 utk 150 mb 2g 3g  250 mb 3g 90hari  tuju balas flash  spasi  ya kirim 3636 utk lanjut  paket panjang aktif tarif sesuai lokasi  tunggu sms konfirmasi sblm pakai  info zona detail tarif lihat tsel me internet,1
beli paket gampang internetan rp 1250 utk chatting puas  bbm  whatsapp line  1 hari jika tuju balas flash  spasi  ya kirim 3636 utk lanjut tunggu sms konfirmasi sblm pakai info detail tariff lihat tsel me internet,1
terima setting ponsel  ponsel akses internet kirim foto mms  tuju balas pesan  gratis  ketik y ,1
aktif paket bbm gratis laku 30 kali aktivasi  ketik flash  spasi  ya lanjut,1
1 kupon program kartu as biber  beli internet hadiah   cek total kupon maksimal 1x24 jam skrg  100  123   info lengkap hub 188,1
nikmat paket reguler dgn sisa kuota 209715 kb dapat agam paket internet hemat tri  123  3 ,1
daftar layan paket malam  langgan laku isi ulang voucher kenyang download,1
tlh tukar poin 95 poin  tukar poin menang hadih lg g3 32gb  menang tukar poin tinggi s d 30 november 15,1
angpaopoinsenyum  dptkan vchr lottemart 50rb dg tukar 2500poin  normal 5000poin  sd 11feb16  ketik  123  7887  2  5  batas  info  www indosatooredoo com angpao,1
nya eks  internetan pake volume ultima 900mb 30hr  hrga rp 35rb  100  471   tarif  lokasi cek tsel me fl,1
ayam  sayap paha   nasi  perkedel rp  19 545 gratis teh pucuk  tukar sms cfc hasan sadikin  sedia msh  promo  606 ,1
ayo anak medan  beli sticker line pulsa klik http  www telkomsel com linestore nama stickernya  dan medan,1
ayo download axisnet apple play store aktif bronet24jam 5gb 60hr rp44900 bronet24jam 1gb 30hr obor 5gb  00-06  rp18800  info838  ld335,1
ayo download axisnet play apple store aktif bronet24jam 5gb 60hr rp44900 bronet24jam 3gb 60hr obor 10gb  00-06  rp39800  info838  ld307,1
ayo dukung lestari alam indonesia indosat ooredoo wwf-indonesia dg donasi  123  50  nomor indosat ooredoo ,1
ayo kawal manfaat subsidi bbm  kompensasi hak  adu  ketik bbm  spasi  isi pesan  kirim 1708,1
banting harga   internetan dgn kuota 1 5gb 10rb rupiah  paket laku bulan    ketik ya 919 s d 16 desember 2015,1
bebas ekspresi diri paket freedom combo indosat ooredoo  hub  123  www indosatooredoo com freedom,1
bebas pulsa  ambil bonus  600   gratis   dptkan gratis nelpon internetas promo sesuai hobi ,1
beli 1 gratis 1 lychee tea latte flavour yellow truck jl patuha no 29  tukar sms  laku  s  k laku promo  606 ,1
beli 2 gratis 1 beli 1 diskon 25  tiket kampung gajah wonderland bandung s d 31 mei 2013 tunjuk sms kpd tugas info  www indosat com kampunggajah,1
beli 6 gratis 6 donut dunkin donuts borma setiabudhi  tukar sms  laku  sedia  promo  606 ,1
beli paket turbo 50rb utk beli mytelkomsel app sjk 25aug - 25sept dpt extra pulsa tsel rp 50rb loh  cek detail paket tsel me mytsel1,1
internetan 1 5gb 20rb  paket laku 90    ketik ya 919 tawar laku s d 8 januari 2016,1
bonus kuota 500mb  1hr   isi ulang min  5 000  ayo buru isi pulsa  t514,1
bonus pulsa 10rb  ayo isi pulsa min  5rb  dapetkan bonus pulsa 10rb utk nelp nmr tri   ayo buru isi pulsa  t530,1
bonus pulsa 50  indosat ooredoo    ketik  345  call hp 28 april 2016,1
bonus pulsa 50rb dgn isi ulang 25rb   hny indosat yg  tawar laku s d 11 april 2016 bonus 1x utk indosat ooredoo,1
bonus pulsa rp 100 rb    spesial langgan setia indosat ooredo hanya isi ulang rp150rb skrg  tawar laku s d 13 jan 2016  bonus 1x ,1
bonus rp  5 000  kirim sms 2x bonus  khusus  t483,1
bonus rp  5 000  telpon teman 2 menit bonus  khusus  a010,1
bukti hemat pakai argo bandung grabcar 20   hayu aja rencang sareng buktikeun nyalira ,1
buru download  registrasi mycare http  bit ly mycareply dapat promo 10gb  4g  paket freedoom m  l harga khusus ,1
butuh piknik  nih libur gratis hongkong   pake pulsa axis hp androidmu transaksi sebanyak2nya items pokemon go  bigo  coc  dll  info838 ld328,1
buy 2 get 3 tiket trans studio bandung  14 mei-14juni 2013 tunjuk sms tugas lokasi  info  www indosat com transstudiobgd,1
rp 7500 nelpon sms unlimited indosat ooredoo internetan puas 3 paket ramadhan unlimited  ketik  123  88 ,1
dapat bonus pulsa hg 50rb isi ulang minggu  isi ulang dr 10rb  ktk  gratis krm 123 pandu  ketik pan krm ke123  cek bonus tekan  555  3 ,1
dapat bonus sms  dg kirim sms  bonus ratus sms operator  pakai indosat ooredoo  raih bebas komunikasi,1
dapat disc 20  mcdonalds khusus utk bayar dgn tcash tap  dptkan stiker tcash tap grapari dekat  info tsel me tappromo,1
dapat disc 30  utk dominos pan pizza  roti yg tebal dgn keju pinggir  rp45500 kunjung toko dekat telf 1500366 klik panpizza co id,1
dapat extra kuota 2gb 4g lte extra nelpon 100mnt 1hr dg beli paket flash 1gb my telkomsel app  buru  cek tsel me mytsel1 s  k,1
dapat gratis 1 cappuccino  hot ice   freza  transaksi min rp75rb excelso cafe semarang  yogya  solo sd 9 agust 13 tunjuk sms kpd tugas,1
dapat gratis wendy s crispy chicken sandwich minimal beli rp 100 000  tukar sms wendy s dekat  sedia batas  promo  606 ,1
dapat saldo main rp 125rb bayar rp 75rb  laku senin-kamis  tukar sms timezone dekat  promo  606 ,1
dapat voucher cipika rp 100rb utk belanja kuliner  gadget  fashion  dll  tkn  123  45  pilih cipika  gratis  batas  info  www indosatooredoo com 12345,1
dear customer  kindly values your experience at telkomsel service  score between 1  very poor  to 5  excellent   send sms to 1166  free   for int  l charged ,1
disc 25  domino s pizza value range s d 14 agustus kunjung store dekat hubung 1500366 visit http  bit ly 294koz6 kode  vr25d,1
diskon 30ribu khusus langgan grab bandung  laku 3x  kode promo urangbandung  repot jalan macet susah parkir  hayu ngegrab we atuh ,1
diskon 50  kuota nelpon 20 menit smua operator  rp7rb  normal rp14rb  dg aktif  balas sms dgn ketik tri   v712,1
diskon 50  utk kacamata lengkap  bonus kacamata hitam  tunjuk sms jl gatot soebroto 88 t 7333812  s  amp  k laku promo  606 ,1
domino s pan pizza  roti tebal dgn keju pinggir  nikmat disc 30  rp45 500 kunjung toko dekat telf 1500366 klik panpizza co id,1
double kuota internet plus unlimited telpon sms paket freedom combo indosat ooredoo  hub  123  www indosatooredoo com freedom,1
download rasa seru game-game premium pilih  900 ,1
dptkn free member card larissa aesthetic center  disc 15  high treatment  asuransi jiwa  isi ulang pulsa rp 100rb galeri indosat jateng diy s d 31des 13,1
dptkn sempat raih hadiah utama mobil alphard dg tukar 500 poin senyum dg 1 kupon undi s d tgl 20jun13  ketik undi jmlh poin 7887  rp25 ,1
dukung rehabilitasi  kembang potensi anak butuh khusus ypac jakarta  mari bagi sms donasi etik  123  65 ,1
flash promo s d 9 agt  ayo datang gallery smartfren dekat  diskon 290rb dg tukar hp smartfrenmu andromax 4g lte 190 utk tukar dg mifi 4g lte,1
free doublescoop ice cream  disc 10  haagen-dasz tcash tap  s  k laku  info tsel me tappromo,1
gratis 10gb  yg blm ganti kartu sim sim 4g  tukar skrg gerai indosatooredoo dekat nikmat gratis 10gb jaring 4g ,1
gratis nelpon mana  operator  beli internet hari 100mb harga rp1500  balas sms dgn ketik js utk beli  n092,1
gratis whatsapp hari  beli internet hari 100mb harga rp1500  balas sms dgn ketik jr utk beli  n091,1
grab nikmat 75  diskon 10x guna  masuk kode cobagrabcar ajak teman keliling bandung tanp,1
grabcar grabtaxi  dapat diskon 35ribu stasiun bandara bandung  masuk kode promo grabtravel pakai 30 september 2016 hatur nuhun ,1
tcash bayar tagih listrik beli token listrik  hubung  800  pilih menu bayar beli,1
hai kabar  bonus riah isi pulsa minimun rp 5 ribu s d 15 november  langsung dapat 300 mb gratis  ayo isi pulsa  bonus utk 3  rl044a,1
hallo bro  beli koin games pakai pulsa yuk  mudah banget loh sob  cek http  tsel me jajanonline,1
hallo urang mang  ado sticker rancak group line urang kampuang mang guy  beli pake pulsa telkomsel,1
 freedom combo xl rp 89rb  normal rp 149rb  20gb music streaming gak pake kuota  unlimited nelp  sms  daftar  123 ,1
   ribu langsung 200 mb 3  balas sms ketik ya4  buru beli sekrang tl049b,1
freedom combo xl rp89rb  normal rp149rb   double kuota 5gb 5gb  4g   promo 10gb  4g   unlimited nelp  sms indosat ooredoo  ketik freedom xl 363,1
 bronet 24jam 3gb 60hr rp31900 bronetspecial 6gb 60hr  3gb 24jam 3gb 00-06  rp34900  123  888  aktif paket   info838 ld300,1
  bronet special 4gb  2gb 24jam 2gb 00-06  60hr rp24900 bronet 24jam 1gb 60hr rp10900  ayo aktif paket  123  888   info838 ld309,1
rabu blanja blanja com  nikmat diskon spesial transaksi tcash  s  k laku  klik blj co tcashrabu,1
senin nonton hemat 25ribu cema xxi dgn tcash tap  dptkan stiker tcash tap grapari dekat  info tsel me tappromo,1
 kunjung galeri smartfren skrng  andromax a 4g jd 99rb  nrml 649rb   tunggu   stok batas sd 22agt s  k info888 dl46j,1
hayu dateng  mumpung ustad fatih karim  beliau yg islam ustad felix siaw,1
hi  ayo coba grab mesan taxi cepat aman  klik  https  invite grab co 37aa4d,1
hot promo  dptkan extra pulsa tsel 50rb dg beli paket internet kali my telkomsel app sjk 25 agsts - 25 sept cek detail paket tsel me mytsel1,1
hot promo  internetan kuota 1 2gb 30hr rp 15ribu aja  beli  363  822   promo s d 30juni16  s  k,1
i  m spreading the go-jek love  download the go-jek app at  http  go-jek com app  and input this referral code  545075264  to get rp 50 000 free credit to your first booking   gojekgotmehere,1
ikut jobfairactive  ujiklyakankerjaberstifikat  plasatelkommlg 9feb13  dptkan platihan intrview  rekom kerja ribu ph  info  www indogetjob com 085233334106,1
internetan puas aja butuh kuota  paket sumo 30gb 30hari jaring  beli  123  3  3   info 123 d956,1
isi saldo tcashmu jaring atm  atm bca  laku transfer bank  pilih bank tcash  kode bank 911   no hp sbg no rekening tuju ,1
isi ulang kuota 3gb hasil  kuota tlh  nikmat bonus nelpon tri rp10rb  cek bonus  111  2  bimatri ,1
isi ulang rp50000 0 hasil  kode transaksi 99100827288792 cek  123  888  promo rabu rawit  jumat langgan axis ,1
jalan ibadah haji dg nyaman tnpa prlu ganti kartu lokal nikmat gratis 2menit hr trima telp dr indosatooredoo  internet unlimited rp30rb hari info   122  1  pai3,1
kejar diskon lari  beli rawit diskon sendiri ayo isi ulang kartu axis  pasti besok ikut promo rabu rawit info838 ld279,1
lupa kirim 50 sms sd 16 juni 2013 utk mendptkan gratis 50 sms sesame indosat 2 hr  laku 1x periode prog   info 100 us6,1
kalah bro  games mu bantu tambah koin  beli aja pakai pulsa  cek http  tsel me jajanonline,1
habis  baskin robbins value scoop 35 000 lho  tunjuk sms  s  k laku  promo  606 ,1
jumat promo  bronet 24jam 1gb 30hr rp10900 bronet 4gb 60hr  24jam 2gb  00-06 2gb  rp24900  aktif paket  123  888  info838 ld268,1
lg beli paket flash 1 3gb mytelkomsel dpt extra pulsa rp 50rb  utk beli sjk 25aug - 25sept  cek detail paket tsel me mytsel1,1
langgan setia tukar hp smartfrenmu dg andromax e 4g lte hny 859rb  nrml 999rb   galeri smartfren,1
kartu 4g-lte aktif dapat kuota tambah sd 10gb  konten tarik jaring 4g  hub  123  46   info lokasi www indosatooredoo com 4g,1
sempat langka  loh  dapat 1 gb rp 5000 balas sms ketik y10 s d 15 november  bonus laku 3 hari tl050d,1
ketik flash  spasi  info kirim 33636 utk status paket  loopers  dptkan info tren anak muda  challenge  beli paket loop co id  follow  loop id,1
ketik ya 919 s d 14 maret 2016 rp59rb per-bln  lgs dptkan 1 1gb  4g  bonus 10gb  4g  utk internetan  telp  sms puas nomor,1
khusus yg doyan internetan  10rb k  bs internetan slm 1 minggu  kuota 1 5 gb   buru ketik oke 919 pnwrn sd 30 09 2015 khusus nomor ,1
khusus  paket internet 10ribu dgn kuota 1 5gb 30hr  laku 24jam jaring cepat indosat  balas sms ketik ya 919 sd 22 mei 15,1
kocak abis  liat aksi 8 pemuda galau  iseng  gokil kepung polisi super cantik  tonton aja comic8 via hp cmn 4400 3hr  ketik film3 99677,1
koin tinggal dikit lanjutin gamesmu  beli pakai pulsa aja bro  cek http  tsel me jajanonline,1
kuota internet habis  isi kuota  123  akses aplikasi bimatri gadget  info 123,1
hemat langgan paket data minggu  rp10 900   gampang  ketik kuota  spasi  10k krm sms 363 ,1
hemat langgan paket internet minggu dgn kuota 250mb rp 10 000 gampang ketik kuota  spasi  10k 363 ,1
line lets get rich seru  koin pulsa  mudah banget google play,1
loopers  pakettelkomselflash rp 50000 utk 600 mb  tambah 600 mb 3g  11 gb  00-12   laku 30  tlh aktif  paket otomatis panjang pd aktif langgan paket,1
maaf  milik bonus kuota  dapat bonus kuota 2gb toko dekat  laku jawa timur  bal lombok,1
main games mu  beli koin pakai pulsa  cek http  tsel me jajanonline,1
main gamesmu  beli sebanyak2nya apps in-apps google play store,1
warkop dki  dapat nsp nya gratis akses  600  dapat promo gratis sesuai hobi ,1
bonus keren indosat ooredoo  ketik  345  hp   ,1
bonus pulsa 50  indosat ooredoo   ketik  345  call hp 31 mei 2016,1
cepat ga ribet cek pulsa  sisa kuota internetmu  yuk download aplikasi mycare  akses https  mycare indosatooredoo com,1
cepat gift paket extra kuota internet  ga ribet isi ulang pulsa  download aja aplikasi mycare  smuanya mudah  install http  bit ly mycareply,1
download file putus   tinggal 3  gatis mifi modem 4g spesial untuk bawa sms galeri sf  isi pulsa 100rb sana s d 13 jan dl 408,1
ekstra telpon  sms  internetan  s  k laku   ikut surveu singkat aplikasi musik s d 3 september  klik  http  tsel me mulu,1
internetan kuota harga murah  buru cek  345   tawar khusus nomor  laku 16 juli 2016,1
jajan  gak mana sob  jajan online aja  suka nge games  cek http  tsel me jajanonline,1
paket data 1 5gb bulan 20ribuan  buru ketik 919  tawar laku sd 22-jul-16,1
paket data 10ribuan  buru cek  345   tawar laku 1 juli 2016,1
pergi hati nya aliando hp  ambil nsp gratis nya akses  600  dapat promo gratis sesuai hobi ,1
merdeka hot sale 45   kuota 5gb 30hari  rp125rb  rp68rb tawar batas  cek  111  1  d966,1
migrasi kartu kartuhalo  nomor   dapat paket spesial 4gb 25rb bulan  kunjung grapari  tunjuk sms   promo batas  skb,1
murah seru banget main gamesmu  pakai pulsa aja beli koin  cek http  tsel me jajanonline,1
murah  rp25rb dptkan 2gb paket internetan utk 30hr  internetan seru  aktif  550  904  promo s d 29feb16,1
 hemat grab  laku 1 jalan grabcar grabtaxi otomatis diskon jalan  nikmat diskon tahap hinga 35ribu trip  ayo coba bukti ,1
nasabah yth  rekening btpn wow  aktif  laku transaksi  247  pin rahasia  info hub 1500300 ,1
nelpon murah rp 2500 panggil mal  sin  thailand  hk  china  usa dgn tekan 01016 kode negara no tuju  info  www indosatooredoo com flatcall2500,1
nikmat combo wendy s fried chicken  nasi minum rp  19 000 periode 13-19 juni 16 tukar sms wendy s dekat  sedia batas promo  606 ,1
nikmat disc 40  utk dominos pizza premium big party weekend harga rp 48rb laku dine in take away s d 8 may 16 kunjung store dekat hubung 1500366,1
nikmat discount 20  bakmi gm hny dgn tcash tap  s  k laku  info tsel me tappromo,1
nikmat diskon 25  tarif sli 008 negara 00 00 sd 06 00 wib  sd 31agustus 13 info lengkap ketik  122  5  4  www indosat com iddpromo,1
nikmat diskon tarif indosat 01016  001 70  7 negara  chn  mla  hkg  sng  twn  vtm  macau   laku 07-28feb13  info  hub 100 111  123  ok,1
nikmat double internetan jaring data kuat 3gb 3gb  4g  tlp  sms puas dgn pkt freedom combo  daftar  123  http  mycare indosatooredoo com,1
nikmat double kuota promo 10gb  4g  jaring data kuat  unlimited nelp  sms  24jam  dgn pkt freedom combo  tekan  123  indosatooredoo com freedom,1
nikmat ekstra pulsa 100  dgn isi ulang min  50rb aplikasi mytelkomsel t-cash  download http  tsel me 1 promo s d 11 agst 2016,1
nikmat ekstra pulsa 50  dgn isi ulang min  100rb aplikasi mytelkomsel kartu kredit visa  download http  tsel me 1 promo s d 11 agst 16,1
nikmat extra 2gb 4g lte  extra kuota 1gb midnight dg beli pkt flash 1gb 30hr rp 43rb  363  49  cek tarif tsel me fl skb,1
nikmat extra 2gb 4g lte  extra voucher belanja 100rb dg beli pkt flash 1gb 30hr rp 43rb  363  49  cek tarif tsel me fl skb,1
nikmat indosat super 3g utk internetan ckp 10rb minggu dpt kuota 225mb  50mb bonus 175mb jam 00-06  cepat hgg3 6mbps tekan  123  4  1  1  syarat laku hub 100,1
nikmat mudah bayar iur bpjs dgn tcash  hubung  800   pilih menu bayar app t-wallet smartphone android iphone ,1
nikmat nelpon sms unlimited indosat ooredoo internetan puas 3 paket freedom mini  ketik  123  88 ,1
nikmat nelpon sms unlimited indosat ooredoo internetan puas 3 paket ramadhan unlimited  ketik  123  88 ,1
nomor isi nomor sn 6081606122581198060 ,1
nomor milik paket netmax  dapat paket netmax 5 5gb 7gb hape  123   aplikasi bimatri  website tri co id ,1
nomor untung  tes identitas sedia untuk  menang pulsa rp10rb tes ke-30  kirim sms y 99455  info 838 vd001,1
pakai handphone xl axiata mu langsung internetan pakai xl,1
pakai xl tdk repot setting langsung internetan  yuk aktif paket internet my xl co id ,1
paket 1 5gb hasil aktif  restart hape utk dpt nikmat kuota internetan 90hari  cek sisa kuota  557  8 ,1
paket non-aktifkan minta  guna internet kena tariff dasar internet sesuai skema tariff kartu  hubung  363  aktif paket internet  info www telkomsel com,1
paket bronet 24jam 15mb 1hr aktif  nikmat 15mb laku 00-23 59 aktif s d 28-08-2016 promo axis  telp  123   info838,1
paket bronet 24jam 2gb 60hr rp28800 aktif  temu tawar tarik axis  telp  123  info838,1
paket bronet 2gb 60hr 24jam aktif  nikmat internet 2gb laku jam 23 59 aktif s d 27-10-2016 promo axis  telp  123   info838,1
paket flash 10 mb utk 1 pd 08 07 2016  tarif non paket laku tgl tsb  info hubung  363   cek kuota  889  ,1
paket internet bronet 24 jam 2gb  60hr aktif  otomatis panjang 27-10-2016 jam 23 59 info838,1
paket internet spesial  internetan minggu dgn kuota 1 5gb rp10rb  ayo ketik kebut kirim 919 sd 29 juli 2015 jgn lupa ya,1
paket super murah 2 pcs c strip 1 ayam sayap nasi teh pucuk rp 15 909 tukar sms cfc yogya subang  sedia ada promo  606 ,1
paket super ngebut 3 5gb  30hr  rp25rb aktif  nikmat 500mb 12 00 24 00  3g 00 00-12 00 3g  panjang 11-mar-2013 jam 23 59 info 817,1
paket tsel flash tgl 07 08 2016  panjang dg 10 mb utk 1 harga 2500 dpt ubah sesuai lokasi  pasti pulsa cukup  utk henti langgan ketik flash off 3636 info detail tariff lihat tsel me internet,1
langgan yth  update informasi tarif baru tsel me as hubung 188  rp 300 call  ,1
beli dave s single burger gratis small fries  minum  periode 5-11 september 2016 tukar sms wendy s dekat  tawar batas promo  606 ,1
tawar khusus  bonus kuota 500mb  1hr   isi ulang min  5 000  ayo buru isi pulsa  t536,1
tawar spesial  obral paket data 1 5 gb  00-24  nelpon puas nmr indosat rp20rb utk 1minggu daftar skrg ketik ya 929 laku rtx1,1
plg yth  mohon nilai puas alam layan telkomsel ketik 1 utk bhs indonesia  type 2 for english send to 1166  free   for int  l charged ,1
promo panjang  gratis mifi  modem  4g untuk  tunjuk sms galeri smartfren  isi pulsa 100rb utk bawa pulang mifi favorit  s d23nov  dl40k,1
promo poin spesial  tukar 20 tselpoin 20menit  100sms  20mb  700  20   periode promo 11-31 juli 2016 info hub  188,1
promo  beli paket flash 1 3 gb my telkomsel app dpt extra nelpon 100mnt 1hr  buru  promo batas  s  k,1
promo  beli paket flash 1gb my telkomsel app dpt extra kuota 2gb 4g lte extra nelpon 100mnt 1hr  buru  cek tsel me mytsel1 s  k,1
promo  beli paket flash 3 5gb my telkomsel app dpt extra paket 1gb midnight  00-09   buru  promo batas  s  k,1
puas internetan  chatting  facebook nonton video 30 1 5 gb rp 30ribu  beli paket  100  1 ,1
quota 1 5 gb harga 32 5 ribu  beli paket  100  1  puas internetan 30,1
raih smartphone  diskon merchant  free internet  voice  sms promo 71 ri tukar 17 telkomsel poin 15ags16 mytelkomsel apps,1
rawit harga miring  internetan  ayo isi ulang kartu axis  pasti besok promo rabu rawit  info838  ld328,1
rawit kuota bagus  harga khusus  ayo isi ulang kartu axis  pasti besok promo rabu rawit  info838  ld299,1
ribet bolak cek pulsa  cek sisa kuota internetmu  download aja aplikasi mycare  1x klik mudah  akses https  mycare indosatooredoo com,1
rp29rb bln utk 3 bln  hrg normal rp59rb utk bln ke-4 dst  nelpon  sms puas im3 plus kuota 1 1gb  4g  10gb  4g  mau  ketik ya 919 sd 21 juni 2016,1
rp30rb bln utk 3 bln  hrg normal rp59rb utk bln ke-4 dst  nelpon  sms puas im3 plus kuota 3gb 10gb  4g    ketik ya 919 sd 05-aug-16,1
pindah jaring 4g cepat  tukar kartu gerai indosatooredoo jl jend soedirman-purwokerto  dptkn bns rp25rb  utk nelp sms indosatooredoo ,1
aktivasi rekening btpn wow   ketik  247  tekan yes  call pin rahasia  info lengkap hub  1500300,1
selamat voucher berrybenka rp100rb  masuk kode voucher tw96d transaksi www berrybenka com simpati  voucher  hub  999  1 ,1
selamat voucher lazada rp100rb  masuk kode voucher tst88 transaksi www lazada co id simpati  voucher  hub  999  1 ,1
selamat voucher zalora rp100rb  masuk kode voucher tsu59 transaksi www zalora co id simpati  voucher  hub  999  1 ,1
selamat bonus pulsa rp 100 000 indosat ooredoo laku 3 poin senyum tambah  cek bonus  557  8 ,1
selamat gabung tri  nikmat kuota 3gb utk 30 hari kuota panjang otomatis pulsa  nikmat bonus kuota lipat 1gb panjang  kartu otomatis non-aktif dlm 3 bln tdk aktivitas,1
selamat paket 50 sms operator aktif  cek kuota  888 ,1
selamat paket aktif  cek kuota  889 ,1
selamat paket bbm gratis aktif  paket bbm laku 30,1
selamat paket flash 10 mb  1  rp 2500 aktif  laku s d tgl 07 08 2016 pk  23 59 wib  paket langsung panjang aktif paket tarif sesuai lokasi  cek status henti langgan  363   info detail tarif lihat tsel me internet,1
selamat tambah flash aktif  laku s d  2016-08-07 23 59 59 ,1
selamat  hak beli paket pas nelpon  sms  internetan  video  nsp  pilih paket rp500  100  999   laku  info  188,1
selamat  aktif instink utk dpt info tarik telkomsel  info henti program   600  600   cs 133 188,1
selamat   gratis 200 sms smsgift no  6285258952502 info cs  133 188,1
selamat  kuota tsel 100sms  cek kuota  889   info  www telkomsel com,1
selamat  beli paket combo kenyang internet as  cek bonus  889  ,1
sensasi seru main game  ayo gabung heroes game hit  download gratis http  bit ly 2c6jsxn,1
seru banget main 8 ball pool  pakai pulsa banget loh bro beli koin games  cek http  tsel me jajanonline,1
smartfren gratis mi-fi modem 4g ganti gadget bawa pulang mi-fi 4gm-mu dg tunjuk sms galeri sf  isi pulsa 100rb sana s d 13jan info 888,1
special promo  bonus kuota 500mb  1hr   isi ulang 5 000  ayo buru isi pulsa  t580,1
spesial  paket flash volume ultima  kuota 1 8gb 30hr  kuota  harga rp60rb  100  473   tarif  lokasi cek tsel me fl,1
spesial  paket internet hemat kuota limpah  rp35 ribu kuota 2 5 gb 30  aktif  550  905   buru   skb,1
spesial utk langgan setia indosat ooredoo  bonus 14 aktif  10 menit telp 100 sms  isi ulang s d 16 desember 2015   bonus laku 1x ,1
sticker line lucu banget loh  beli yuk pulsa  gampang banget  coba yuk,1
super wow  gratis 12 gb  ckup dgn isi pulsa minimun rp 100 ribu s d 22 november  laku kali sempat  laku akumulasi loh  tl053c,1
tambah thr dr mataharimall  kode thr6 utk diskon 6  elektronik  kode thr15 utk diskon 15  lifestyle  kode thr25 utk diskon 25  fashion  http  mthr ml tselthr,1
terima kasih paket data indosat  info detail tekan  123 ,1
terima kasih langgan setia indosatooredoo  download video  bonus gratis nelpon 60 menit  hubung  900  8 ,1
terima kasih sahabat indosatooredoo  dapat video  game seru  gratis telp  323  2 ,1
terima kasih sahabat indosatooredoo  kenal batas bonus gratis nelpon 60 menit  hub  955  1  ya ok,1
terima kasih sahabat indosatooredoo  rahasia2 heboh artis top  bonus gratis nelpon 60 menit  tlp  700  1 ,1
terima kasih sahabat indosatooredoo  download video  bonus gratis nelpon 60 menit  hubung  900  8 ,1
terima kasih tlh isi ulang tgl  20 02 2016 gratis nelpon 60menit video  tekan  900  9  yes ok,1
kini  ungkapin pikir sticker line  beli pake pulsa tsel https  store line me download stickershop,1
isi saldo tcashmu nikmat aneka promo merchants partner tcash  cek promo baru tcash tsel me tappromo,1
thank you for your appreciation  trust in using telkomsel service  for further feedback please advice  text sms to 1166  free   for int  l charged ,1
tingkat nilai isi ulang minimal rp10ribu paket murah pas  100  999   info 188 ,1
tri bagi bonus pulsa pernuh berkah  isi pulsa min  5rb dapet bonus pulsa 10rb utk nelp nmr tri   ayo buru isi pulsa  t496,1
trmksh tlh hasil isi pulsa smartfren 10 000 mau jual pulsa bayar listrik  speedy telkom hub  agen barokah mp reload pasti untung ,1
udah top up coins line utk beli sticker themes  beli skrg jg pake pulsa utk koleksi  cek http  tsel me jajanonline,1
use my invite code  nxmvf722ue  and get a free ride up to rp75 000  redeem it at https  www uber com invite nxmvf722ue,1
wow  diskon 50  utk beli paket flash 6gb  bonus 60menit rp60rb utk 30hr  999  606   tunggu buru  s  k laku,1
wow  promo panjang sd 13 agt  khusus  tukar hp smartfrenmu andromax e lte 709rb dr 999rb  ayo datang gallery smartfren dekat ,1
penuh batas  kebebasa n double kuota bonus 10gb  4g   unlimited nelp  sms  musik streaming gak pakai kuota  dg freedom combo  daftar  123 ,1
yuk dengerin langsung update hari seleb dr blog suara  tlp  5094  gratis 3hr rp2500 mgg cs 838 vas280,1
yuk internet-an ngebut utk akses fb  twitter   chatting dgn beli paket flash 500mb 7hr  sesuai zona lokasi  rp25rb  100  433  cek tarif tsel me fl,1
yuk temen belanja google play  mudah banget loh  pakai pulsa  http  tsel me jajanonline,1
yuk flash volume ultima utk update informasi  kuota 60mb 7hr rp7rb  100  431   tarif  lokasi cek tsel me fl,1
nonton bioskop gratis keluarga  cigna khusus  tunggu telepon  info cigna klik bit ly tentangcigna,1
yuks internetan seru dg flash volume ultima kuota 1 8gb 30hr rp60rb sesuai zona lokasi  hub  363  145   info tarif  lokasi lihat tsel me fl,1
masalah dgn cc kt   stres dgn bunga  lunas disc s d 75   hub  aty 082134976289  wa  087888869297  legal,1
lelah byr min payment  solusi  bantu legal tutup cc kta  dscn 50-75   hub lolyta 081316523061 087822962308  wa   legal,1
dana tunai  kta  bunga 0 99  300 jt  syarat ktp  cc  dgn bpkb rate 0 99  3 cair  hub ayu 081584650877  wa  mhn maaf menggangu,1
 roxi cell  rp 100rb agen pulsa elektrik operator gsm cdma  v5 4300  v10 8300  utk daftar ketik mtronik kirim 087870870707,1
3 ramadhan selamat menang rp 100jt  pin code 7y7r8k9z info  www hadiah-3ramadhan blogspot com,1
brminat cash  kredit mtor scond brg istmwa tipe  merk sj dsini mnyediakn 50 unit dr thn 2004 atas hub 087739124242 085743146233 ms dediktp yk bs ,1
menang togel 100  tembus pasang shio 7 tunggal angka 07 31 19 43  mahar pulsa 100rb kirim no 0823  xxx khusus putar sgp senin,1
3 pesan suara 083139195872  dengar pesan suara silah tekan  886  10000  083139195872  tekan ok ya  bebas biaya  terima kasih,1
pmain togel sring kalah mau hasil  mbah joko bisah mbntu sio angka retuwal minat  hub  mbah joko di  085217984299 jamin 100  tembus,1
aneka shop bagi promo type blackberry dakota 2 4 jt  tourch 1 7 jt  onix 2 1 5 jt  gemini 800 rb  u mesan 085325557999 pin bb-2a96de82 www aneka999 blogspot com,1
anyonghaseyo  ngaku kpopers sejati   ayo lengkap koleksi video kpopmu http  kpop xl co id  skrg harga video murah loh  info  123  2200 ,1
artha cell diskon brg elektronik bb dakota 3 juta bb onyx3 2 8 jt camera dll hub sms  085335875777 pin bb 28bddf4d www arthajaya-cell blogspot com,1
ass  rumah tanah yg kemarin  sy sdah survei  sy mrasa cocok  nego harga hubung sms suami   haji  dermawan  085796022225 ,1
ass  sy randy  mobil yg sdh sy liat kondisi  y  minat  mohon hub bapa sy utk bicara hrg net  dr h darmawan 0812xxxxxxx,1
ass  maaf sy wahyu kena mobil bpk yg jual sy lihat cocok  nego hrg silah hub saudara sy 081219550857 dgn jusman safei  tp ,1
ass  maaf sy by hj suri kemarin survey rumah  harga hub suami h sigit tlp 081316005639 terima kasih,1
ass sy sugiyono yg tempo mngenai mobil toyotanya  sy brminat  cocok  tlong hub sodara sy dlu  negosiasi harga  a n  abdullah hp  081389909777,1
assalamu alaikum  reski dr costumer servis tri plaza semanggi lt 1 jl jend sudirman jkt pst sdh m-hubungi undi laku no anda tdk sambung  jd krimkn lwt sms jatuh tempo  no anda menang undi dr tri 2014 jenis hadiah 1unit mobil suzuki ertiga new  pin 2d45cs77  silah cek website  www tricare jimdo com hub  021-40161777  08994179888,1
assalamu alaiqum  nenek masuk rumah sakit tolong kirim ulsa 50 ribu nomor 0852 3173 7479  telpon rumah sakit ganti uang ,1
ayah isi pulsa xl 50rb no 0818643929,1
tukokno pulsa as ndisek 20ribu iki nmrku anyar 085316079211 cepet saiki enten  penteng bpk msalah kantor polisi  sms tlp,1
belanja online promo disc 50  bb dakota 2 8jt bb onyx3 2 2jt bb z10 3 5jt dll  info sms  085775102735 pin  bb 2a03f3f2 klik  www jaya-olshop blogspot com,1
belanja online toko resky discon 50  bb laptop samsung ipad nokia dll u mesan order call sms 085322222699 kunjung web www reskiy-shop blogspot com,1
belikan mama pulsa simpati 20 ribu nomor baru mama 081223052854 kirim cepat  hpnya orang mama pinjam,1
bella bingung bang nulis  aq nulis panjang2 serba salah  mending langsung ngobrol tlpn aja deh bang no telp aq 0809-100-xxxx  ,1
berkah 1000 poin  nomor mndpt hadiah ke-i pin d377hi8  silah verifikasi pin menang situs resmi www berkah1000poin wix com prize,1
berkat isi ulang pulsa no t  pilih sbg menang cek tunai rp 75jt dri pt m-kios pin   5n939f7  u info klik www pt-mkios15 blogspot com,1
berkat isi ulang pulsa no pilih sbg menang kejut tri men-dpt cek tunai 100jt dr planet-3care pin  b8337h9 cek hadiah www planet-3care2015 blogspot com,1
big sale    discound 40  z10-4 4jt iphone 5 32gb-3 7jt s note 2-3 8jt camera  laptop dll pin bb 28ab8391 call sms  0897-9844-777 kunjung www indracell com,1
big sale 50  sinar blackberry -z10 rp 3 8jt -dakota rp 2 8jt -tourch rp 2jt -davis rp950 rb infohub sms  -089664054777 -297ccfa7 www snr-bb blogspot com,1
blackberry city jual blackberry discond 40  dakota 2 5jt torch2 2 2jt onyx3 2 1jt davis 1 3jt gemini 3g 1 1jt u info hub  ibu anita 081315277257 pin bb 29762d76,1
blackberry online big sal 50  bb z10 rp  4 jt dakota rp 2 8 jt samsung note ii rp  3 jt iphone 5 16gb rp  3jt laptop  camera  dll minat  invite to bbm pin  25a4ff8c,1
bpk ibu rekening pilih menang cek 35jt dri bni u info klik www promobni46 tk kode cek 03299757 hub 085288991559,1
bpk ibu yth  milik no 08994150xxx pin undi 4881247 resmi m-dptkan rp 15jt cs  02199545139 klik  3care2016 com,1
bpr syariah yogya layan biaya usaha anda syarat  copy ktp  kk  buku nikah  dg jamin bpkb sertipikat  proses survey cepat hub  082133271400,1
butuh dana tunai cepat 25-250 juta dgn bunga rendah 1 35  flat bln proses jamin 3 syarat mudah info yani  081218986001,1
cahaya travel tiket murah  promo terbang domestic  internasional online booking 24 jam hub 081310537888 kelik www cahayatourtravel com,1
casino online besar  www jayabet4 com  daftar diri raih bonus referral bonus cashback sportsbook 0 25  minggu  main smartphone pc,1
dapat e-ticket promo terbang domestik  internasional via online mudah  aman  hub  085285485509 klick  www mhegatravel com,1
dapat e-tiket murah  promo terbang domestic  international booking online info hub  085216181177 www surya-travel jimdo com,1
dapat tiket murah  promo ditravel kmi  terbang domestik  internasional online booking 24 jam minat hub 085318303276,1
dapat total hadiah ratus juta rupiah kota 1000 berkah   klik www murahituim3 com kota1000berkah program s d 9 agustus 2013,1
daptkn e-tiket pesawat promo layan domestik and internasional booking online cepat  aman hub  085217845777 082310204777 link www citiling-travel com,1
de inih bapa pake no temen  tolong kirimin pulsa no inih penring banget  rumah digantiin,1
uang transfer rek bank xxx  4413-0100-0226-xxx  a n xxx  sms no 085215113xxx,1
transfer uang nya rekening bni  a n  ismawati  rek  0248147033 sms klo sdh kirim ,1
jual ticket super junior tgl 28 29 april lady gaga tgl 03 juni harga gold 2 25jt tribun3 1 25jt info hub  0853-9937-1888 lady-ticket webs com,1
dptkan e-tiket promo terbang domestic  internasional booking online 24 jam info hub  081316899123,1
gebyar poin plus indosat edisi 2013 priode  9  no pin undi  d377hi8  resmi raih hadiah  utk info  www gebyarindosatpoinplus weebly com,1
gebyar telkomselpoin 2013 no trpilih menang ke-4 pin 277fg49 silah verifikasi pin situs resmi www t-selpoinhadiah jimdo com,1
gratis 120 menit nelpon indosat  120 sms indosat  12 mb internet slma 12 jam isi ulang 12 rb isiulang pulsa 12rb  nikmat gratis,1
gratis 50 sms sesame indosat 2  dengna kirim 50 sms 10-16 juni 2013 bonus 1x maks 2x24jam  info 100 us6,1
gratis internetan 5mb laku utk 7 dg isi ulang axismu rp5 000  ayo isi ulang  nikmat bonus  info838,1
gratis internetan hg 1000 mb  nelpon 1000 menit  1000 sms indosat dg isiulang 10rb utk daftar ketik gratis kirim 123  gratis  isi ulang,1
gratis pulsa 250rb 7hari 7malam dg isi ulang 10rb  daftar  ketik  gratis krm ke123  reg ckp 1kali  info  ketik info krm 123,1
gt-shop disc 41  bb z10 3jt bb torch 2jt bb davis 1jt minat  galaxy s4 3 5jt cp 08994352577 pin 25a1785b gili-sms versi demo  http  www yusiwa com,1
guntur hubung facebook  http  fb com l 1lnzh4p0lcm7rug balas  stop  unruk henti terima sms facebook ,1
hi trims kmu udh gabung layan gita bicara bola  dpt info tarik n prediksi akurat dr gita  3info mg 2rb sms stop  unreg gita 3450 cs 0215649770,1
hquarters business residence lokasi emas-asia afrika bdg hrg prelaunch  profit 140   roi 10  thn bs libur byr 2th tsm 21des-3jan www hquarters co id 085794074188,1
indomarcocell tawar jdi agenpulsa mkios 1chip oprator harga  v 5 4000  v 10 8000  v 20 16000  gabung ketik  daftar kirim 08977628977  lukis ku ,1
indosatpoin plus 2013 selamat simcard 6281571xxxx resmi pilih m-dpt hadiah pin-b89c7h9-di sahkan pt indosat info klik www infoindosatpoin webs com,1
indovison promo  299 rbu  nikmat 2 bln langgan  gratis biaya pasang bonus cema 3  3bln   hub  087738718255  08555796717 pin bb 32f1c805,1
info pt m-kios hsil undi berkat isi pulsa  selamat no hp 0852952xxxxx m-dpt hadiah pin menang 94ad653 info klik www berkat-isiulang-pulsa webs com,1
info resmi   selamat pilih sbgi menang  semarak undi pt indofood indonesia no pin  d377hi8 info pin  hadiah klik  www semarak-undianpopmie webs com,1
info resmi bpk ibu hormat selamat no menang 2dari pesta isi ulang 3care no pin 25e477r undi malam pkl 22 30 sctv u info hadiah klik www 3care16 blogspot com,1
info resmi kepada bpk ibu hormat selamat no menang 2dari pesta isi ulang 3care  no pin 25e477r undi malam pkl 22 30 sctv u info hadiah klik www tricare16 blogspot com,1
info resmi pt indofood no anda t dftr menang undi pop mie edisi 2013 mndptkn 1unit  nissan juke  pin  a1c5h79 info  kunjung  www popmieget webs com,1
info resmi pt indofood slmt no anda t dftar pmnang ke2 pop mie 2013 raih hadiah 1 unit nissan juke  dgn pin  12xb9v2 u info kunjung www popmie200 webs com,1
info resmi pt tri care pin menang  8jf2177  m-dptkan hadiah i unit toyota yaris u info cek pin klik  www tricare2015 blogspot com,1
info resmi pt tri care pin menang  8jf2177  simcard resmi hadiah 1 unit toyota yaris no 08968594,1
info resmi pt tri 3 simcard resmi m-dptkan hadiah mobil mazda-2 kode pin  e2747mlb info hub  08996913677 klik  www inforesmi3care com,1
info resmi selamat    no simcard men dptkn uang tunai rp 45jt  dr pt indosat pin  tbl48vg  info hub  085694961118 a u klik www indosat-info2013 jimdo com,1
info resmi tri care selamat nomor pilih hadiah 1 unit mobil dri tri care pin menang  br25h99 info  www gebeyar-3care tk,1
info resmi  pt indofood selamat m-dpt mobil nissan juke  kejut pop mie  pin 2f5c4d7 hubung 085715023547 drs h naldisuparman www gebyarpopmie40 webs com,1
info  dana tunai jamin 20 - 250 juta  bunga 1 50   syarat milik kartu kredit proses 3 kerja call  firli 021 93417219,1
info  pinjam agun 10 - 150 jt  standart chartered bank syarat copy ktp  copy kartu kredit  resmi  minat hub  akbar  021 98391114  085714664427  trimksh ,1
info  jk jual rmh  tanah  mobil  produk jasa dll promosi sj dg sms massal hny rp  50 000untuk sebar ke10 000 no hp  2jam  hub  0877399155579 jogja,1
angka jitu  yg putar 20 01 2013 hubung  082-335555-454 mbah togel semarang  jamin 100  tembus  raja shio  buka 24 jam ,1
bpk pnjam hp orng  tlng bliin bpk pls 50rb  krm nomr brunya bpk 081215008228  bpk msalh kantor polisi  jgn tlp sms nnti bpk yg tlp ,1
bpk tolong belikan pulsa 20ribu no baru bpk karna kantor polisi tlp sms bpk yg tlp  ,1
no rekening bri a n a sri narti no rek 2219-01-001948-50-7 ,1
nomor papa  tolong kirimin pulsa 50 000 nomor papa 085687329010 papa kantor polisi   telepon papa ,1
nomor rekening  5829-01-012786-534 bri a n andika septiana ,1
rekening bank bri no rek 018801 006474 53 2 a n  ir mayani,1
rekening bank mandiri  no rek 150-00-1002402-2 a n  murtiani,1
rekening bri  rek  0881-1010-3433-4506 a n rasto murdoyo ,1
rekening mandiri  900-00-1037951-0 a n reza prasetya,1
rekening  bank mandiri  a n  ali syamsudin  rek  136-001-198-6939,1
 rekening  bank bni no rek 0277285682 a n wahyudi alamsyah sms klo kirim,1
isi pulsa untung myvplus  dpt pulsa lsg dpt voucher diskon  dpt hadiah dpt point  yuk klik  http  bit ly myvplus,1
isi ulang pulsa rp 5000 regular hd com 4 sukses 09 02 12 34 ref 763179369 gratis pulsa sd 250rb hg 7hr 7mlm ktk  gratis krm 123,1
isi ulang pulsa rp 5000 regular putera sukses 11 02 19 57 ref 78330280 gratis pulsa sd 250rb hg 7hr 7mlm ktk  gratis krm 123,1
butuh angka jitu gaib 2d 3d 4d sgp jamin 99  tembus  silah sms 085337807887 mastertogel,1
kak  kirim pulsa25rb no baru 085377771822,1
dr ktr indosat sdh hub nmr tp tdk trsambung  jd krm sms bhw no mendpt mobil jaguar pin  d377hi8 info www kejutanindosat-plusplus weebly com,1
sdh mnghubungi tdk trsambung sim card hadiah tiga dri pt axis pin  02399877  klik www hadiah-ptaxis blogspot co id,1
kejut poin  hadian rp 15 jt resmi milik nomor 0812330xxxx  pin-x7af2547  info kantor pusat telkomsel 021-23867047  021-23867048 ,1
mudah aman bisnis togel bentuk online  gabung raih untung www brotogel6 com satu situs togel online percaya,1
yth bpk ibu langgan tri sumargani dr operator tri plaza semanggi lt1 jl jend sudirman kav50 jkt pst kirim sms krn nmr sulit hubung nmr hadiah dr promo undi 2013 hadiah ke4 suzuki ertiga pin anda 7t899b3 info www promotri2013 jimdo com,1
putus resmi 3care selamat no anda pilih m dpt tabung rp 35jt pin  m902cx8j info kelik www programisiulang3care tk,1
sempat agen pulsa mkios all operator harga v5 4500  v10 8500  v20 18rb  v25 23rb  v50 45rb  v100 90rb ketik daftar kirim 087888366677,1
sempat agen pulsa all operator mkios  harga murah  5 4500  10 8500  20 18000  25 22000  50 45000  ketik gabung kirim 087775777917,1
kirim bank bca no  rek  2731 7942 96 a n  andrianto djunaedi usaha trms,1
kirim mandiri aja  a n arya  rek  131-000-7252-937 klo kabarin ya ,1
kirim pulsa 20ewu no 085285485839 mas agus,1
km bank bri sdh tlp tdk bs jd km sms no pin menang kg65h8k9 m-dpt hadiah untung bliung britama info klik www hadiahkejutangbri blogspot com,1
krim bni aja a n ayu suryani no rek 0215891174  klo kirim kabarin ya ,1
layan vip games rp3300 sms 4x mgg sdh panjang nikmat layan  http  live vipgames me  sid 40186483 stop   123  66   cs 02152971540,1
ma  belikan besok pulsa 20rbu no baru 085340781778,1
ma  isi dl pulsa 20 rb nmr 085337784732,1
maaf sdah hubung tpi tdak sambung no anda resmi raih hadiah ke-2 pt m-kios pin  m248k81 u info hadiah klik  www hadiah-mkios17 blogspot com,1
maaf hubung sambung no raih hadiah ke-2 dr pt mkios pin m248k81 cek pin  www pusat-m-kios7 blogspot com,1
maaf hubung sambung selamat no anda resmi raih hadiah ke-3 pt 3care pin  b8337h9 u info klik www hadiah3care-2016 blogspot com,1
maaf hubung tpi tdk tersmbung no anda resmi raih hadiah ke-2 dri pt mkios pin  m248k81 cek pin www hadiahresmi-mkios29 blogspot com,1
maaf bu nur  tanah tanjung api lihat cocok  harga tolong hubung suami aja  h sulaiman no hp  08xxxxxx  acara tks,1
maaf  angsur bayar bpk yogi  hp  08562115779  sdh kuasa,1
maaf tolong uang transfer bank xxx an  xxx no rek 2952149xxx  transfer sms  terima kasih,1
maaf  iklan tawar pinjam uang tunai jamin kta 5jt s d 200jt dg ktp d kartu kredit  bunga flat  simpan sms ni a hub  085717559229  02199001886,1
maaf ingat kontra terus bayar  harap bpk chandra  no  082374910777  sys dh kuasa sepenuh  maaf sms,1
maaf  bu ratna meganai rumah liat  bandara silah hubung suami h arif iskandar  hp 081218844557 trims ,1
mah  esian plz kna no 085741670427 nu 20 rbu ayena,1
mamah pangmeserkeun heula pulsa as  20 rb  kana nomor ieu  085347398779 tong nelpon nuju riiweh ayeuna ,1
manfaat fasilitas pinjam jamin  syarat f copy ktp  kartu kredit  proses 3 kerja  info  hub  rasti 021 91998977,1
manfaat creditcard utk apply pinjam 20-250jt cashback minat hub  bintang 021-27450166 tks,1
libur gratis lombok ajar foto  klik http  goo gl fvcnw paket internet rp1500 dpt 7mb 1hr  hub  100  15  cek status paket  889   ,1
nissan juke  ayo beli popmie skrg kirim kode  200  200  kodeuniq  menang hati2 tipu cs 02171790989 klik http  goo gl dm7pk,1
uang tunai 1jt  ayo gabung layan video cliponyu  keluar jurus gombal yg dahsyat utk host2 cantik cliponyu  ketik clip 99900 cs 02129657333,1
mega cell cari agen pulsa 1 cip operator harga  v 5  4000 v 10 8000 v 20 16rb  dll minat ketik info kirim 085352444400,1
mega prima tama promo discon 20-50  blackberry dacota rp  2 700 000 onyx 2 rp  1 8 iphon  ipad laptop  camera  dll info www megaprimatama com pin bb 2a9ea404,1
meganai ruma bpk ibu yg jual sd surpai sy minat sy tlpn tdk tembus harga hub suami sy 085399700354 dr h irawan,1
layan fasilitas pinjam dana tunai jamin bpkb mobil  cover area daerah indonesia  bunga 0 8 -1  flat bulan  no bi cheking  proses cepat   data lngsng jemput survey  bfi finance  hub oktra mariadi sihaloho cp  082122483312,1
lejit pintar  kursus suami-isteri aktifasi smangat bljr  kuat fungsi i otak anak prestasi mningkat telepon 02749447574 ketik ok sms 081931753240,1
rumah bpk ibu yg jual sdh survey sy minat  sy telpon tdk tembus  hrg hub suami sy  0823-7390-1777 dr h irawan,1
uang kontra terusin harap bpk  suyono  nomor hp  082127377377  shd sya kuasa penuh  maaf sms,1
modal usaha  solusi uang copy ktp  kartu kredit  npwp  no rek pribdi 125 - 200 jt dr bank hub lia 085710489257 082112755426 91066949,1
mohon maaf  promosi pinjam uang tunai  syarat copy kartu kredit  bunga 1 5  bln  gratis asuransi  hub ani 021 - 91949720  lia 021 - 34343669  proses cepat,1
mudah kta pinjam s d 200 jt  bunga 1 5   gratis asuransi  copy ktp kartu kredit slip gaji hub  mido 021 - 99399003,1
nagamas elecktronik bb dakota  2 4jt bb davis  900rb bb gemini  rbq bb torch  1 7jt dll call  085777779458 sms  0818433247 pin bb  2a550530 www nagamas-cell com,1
nak ayah  tolong kirimin ayah uang 500rb no rek 0385-0100-7302-504 a n yanti  ayah lg kantor polisi ngurus surat tilang  mks,1
bayar di transfer harap hubung atas bpk ardiansa no tlp  085797136879 ubah bayar trima kasih ,1
transfer  tipon no  085624347737 ubah no rekening  terima kasih,1
nasabah bank bri yth  selamat mndptkan cek tunai rp 27jt bank rakyat indonesia pin   ijh76k79  u info klik kunjung  www hadiahbri blogspot com,1
nasabah bank bri yth  no rek mdpt hadiah cek rp  27jt bri untung beliung britama pin   ijh76k79  info klik www info,1
nasabah bri yth  cek  27 juta undi bri kode triplle cek  02599875  info hadiah klik www bripusat2016 blogspot com,1
nasabah bri yth  norek pilih menang undi bri-2016 kode pin  ijh76k79  u info hadiah klik  www undian2016bri blogspot co id,1
nasabah yth  menghub bri prihal tabugan cek rp 27jt dri bri dgn kode cek  02599875 info klik  www callcenterbankbri blogspot co id,1
nasabah yth rekning tbungn error  hrus monitor ulang gunakn kmbli maaf sblum kntor hrap hub pk aryadhi dlu di 0816288602 tks,1
nasabah yth  rek mndpt cek rp 27jt kode cek  02599875  info hub  085828523888 klik www hadiahbankbri2016 blogspot co id,1
nasib  bagi  bakti rutin 2 ringan beban2 hidup  dpt wallppr http  m m4in biz r  74whum stop   123  66   ketik unreg nasib 92828 cs  087789917018,1
nasib  nutrisi otak slh 1 nya berfikir positif  klo sdh bs jd ilmu  dpt wallppr http  m m4in biz r  jxpc42 stop   123  66   ketik unreg nasib 92828 cs  087789917018,1
nfo resmi nomor anda 089772xxxxx pilih men-dpt hadiah langsung pt tri 3care pin menang  f8hj7tl utk info lengkap klik  www hadiahtri3care blogspot com,1
no id isi pulsa m-tronil  672at88  hadiah program poin isi ulang m-tronik u info resmi menang klik www isiulangmtronik webs com,1
pangmeulikeun heula pulsa bpa anu simpati 20ribu we ganti ku bpa ieu nomor na nya 081356256931,1
langgan yth simcard m-dptkan cek tuanai rp 27jt pt tricare indonesia pin hdr7jn7 u cek pin kunjung www programundiantricare-2015 blogspot co id,1
langgan yth slmt kartu gsm men-dpt tabung haji rp100jt kopi jahe hut 61 no pin 25efg477r u info sgr hub  082374432257 laksana pt  sidomuncul,1
langgan yth  hadiah  2   poin plus plus indosat  pin menang  b89c7h9 info menang klik www indosatpoinplus-7887 webs com,1
langgan yth  selamat  men-dpt hadiah dr  undi pt  indofood popmie pin fh53x77  u info klik  www pop-mie-indofood webs com,1
langgan yth  mba muliani operator tri  hubung sambung informasi sms hadiah jatuh tempo  selamat nomor tri menang undi dr pesta isi ulang pulsa  pin menang  25b17h  hubung kantor tri jakarta  tlp  089660608887 info klik  www 3tricard blogspot com,1
langgan yth  rezky operator tri  hubung sambung informasi sms hadiah jatuh tempo  selamat no tri menang undi dr pesta tri pin menang  2547afr  info klik  www bonus-tri75 blogspot com,1
langgan yth  dri kantor tri jakarta sdh hubung no tpi tdk sambung  informasi sms  no trpilih menang hadiah cek rp 35juta dri undi isi ulanag tri-2016  pin undi   2547afr  u info  089653382227 klik  www care27 blogspot com,1
langgan yth  simcard sbg menang hadiah mobil toyota all new yaris pin 8jf2177 gebyar undi 3 care info lenkap klik  www infoundian-3care blogspot com,1
langgan yth  simcard sbg menang mendptkan hadiah mobil toyota all new yaris pin 8jf2177 gebyar undi 3 care info lenkap klik  www infogebyarhadiah3care blogspot co id,1
langgan yth  simcard sbg menang mendptkan hadiah mobil toyota all new yaris pin 8jf2177 gebyar undi 3 care info lenkap klik  www infohadiah3care2016 blogspot co id,1
langgan yth  simcard sbg menang mendptkan hadiah mobil toyota all new yaris pin 8jf2177 program pesta 3 care info lenkap klik  www infohadiah3care2015 blogspot co id,1
langgan yth  tri care no xv 2015 pin menang 8jf2177  hadiah 1 unit mobil toyota yaris  info klik http  tri-3 webnode com cocok pin menang,1
langgan yth  m-kios cell tawar daftar cip m-kios  token pln harga pulsa  v5  rp 4300 v10  8300 utk gabung ketik info kirim 089652018503,1
langgan yth  selamat  no simcard 081571xxx resmi menang undi poin plus edisi th2014 pin  er56d7 u info klik  www hadiah-poin blogspot com,1
bayar jatuh tempo silah lapor m-hub kantor 082327327705 terima kasih,1
bayar nya bayar harap telpon sms atas bpk dedy  hp  085221118517 terima kasih ,1
tawar batas software sms gateway utk iklan sms  pilkada  sekolah  instansi  kampus dll  harga promo rp  100 000 hub  jasa advertising corp 085727088813 24jam ,1
setor angsur nya bayar harap tlp dlu atas sy bpk iwan  hp 082319733334  dri indomobil finance  tks,1
minta proses keyword reg gita layan pt  hypermind,1
pesan resmi 3care undi tiga uang tunai 100juta www tri-indonesia2016 blogspot com,1
pesan resmi m-kios pesta isi ulang krt pilih men-dptkan hadiah ke-4 cek 100jt pin  m7h7r47 hub  custumer klik  www snmkios-ed16 blogspot com,1
pesan resmi pt planet 3card hadiah cek tunai nila rp 100jt jatuh menang  3  kode pin  bg58757 silah cek  www planet-3care2016 blogspot com ,1
pesan resmi pt tri care indonesia selamat simcard hadiah nila 100 juta jatuh menang  lv  kode pin ijh76k79 silah cek www pt-tricare com,1
pesan resmi pt3care berkat isi ulang pulsa no  resmi hadiah rp  100 juta 3care pin  menang  b8337h9  u info klik  www hadiahlpt3care959 blogspot com,1
pesan resmi tri3care  selamat mndpt hadiah 1unt mobil honda jazz rs  no pin menang  47bl759 info kunjung  http  gebyar-3care2016 jimdo com,1
pesan resmi dr pt tricare slamat no tpilih mndpt hadiah 1unit mobil honda jazz pin pmenang 454647lm u info klik  www hadiah-tricaretbk2016 jimdo com,1
pesan resmi dr tri care indonesia 2016 selamat no anda mendpatkn hadiah dgn no pin 47bl759 u info silah kunjung  www gebyar3care-2016 jimdo com,1
pesan resmi dr tri-care indonesia 2016 selamat no anda mendptkn hadiah dgn no pin menang  47bl759 u imfo silah kunjung  www bima3care2016 jimdo com,1
pesan resmi dri tri 3care  slmt mdpt hadiah 1 unit mobil honda jazz rs  no pin menang  47bl759  utk info kunjung  www layanantricare-2016 jimdo com,1
pesan resmi dri tri care selamat m-dptkan hadiah cek tunai rp 45jt pin undi 94ad653  u info kunjung  www undian-bimatri blogspot com,1
pesan resmi dri tri care  selamat m-dptkan hadiah cek tunai rp 45jt no  pin undi 94ad653  u info kunjung  www pusat-bimatricare jimdo com,1
pesan resmi m-kios sim card menang hadiah ke4 cek 100jt promo m-kios pin  m7h7r47 hub  ir h surianto 0823 8777 5019 klik  www kjtn-mkiosjkt blogspot com,1
pesan resmi pt 3care indonesia berkat isi ulang no  m-dptkan hadiah ke-3 kode pin  b8337h9  u info hadiah klik  www hadiah-pt3care34 blogspot com,1
pesan resmi pt 3care indonesia berkat isi ulang no  resmi raih hadiah ke-1 kode pin  8jf2177  u info hadiahlik  www berkat-isiulang3care blogspot com,1
pesan resmi pt 3care indonesia slmt no simcard resmi raih hadiah ke-3 pin  b8337h9 u info hadiah klik www pesta-hadiah3 blogspot com,1
pesan resmi selamat no simcard m-dptkam hadiah cek rp 35juta dr tri care pin 7y7r8k9z info keik  www id-tricare2016 blogspot com,1
pesan resmi selamat no simcard m-dptkan hadiah cek rp 100juta dr tri care pin  7y7r8k9z info kelik  www gebyar3care15 blogspot com,1
pesan resmi selamat no simcard m-dptkan hadiah cek rp 100juta dr tri care pin  7y7r8k9z info kelik  www situstricare77 blogspot com,1
pesan resmi selamat no  simcard m-dptkan hadiah cek rp 100juta dr tri care pin  7y7r8k9z 089636298565 info klik  www bima3care78 blogspot com,1
pesan resmi selamat no  simcard m-dptkan hadiah cek rp 100juta dr tri care pin  7y7r8k9z info klik  www bima3careindo blogspot com,1
pesan resmi tri no  xv 15 pin menang 67ytg44 pilih menang ii hadiah cek tunai 45 jt info lengkap tri klik www 3-info webnode com nomer  089655264130 sms maaf  telepon no 085104894998,1
pesta m-tronik langgan setia m-tronik pilih sbgi menang  2  pin menang   25e477r  u info klik www gebyarhadiah2016 com,1
pesta m-tronik   langgan setia m-tronik pilih menang hadiah  3  pin menang 2aiu87e u info klik www info-undianmtronik jimdo com,1
pinjam s d 1 miliard jamin bpkb mobil truck min th 1998 bunga 0 8   syarat mudah  proses1hari pt  bunas finance tbk  cover all wilayah  andi 081330134449,1
plenetcell cari agen u jual pulsa all operator harga pulsa  p5 4500 p10 8500 p20 17rb info ketik  info kirim  085280948777 hhb cs  082328823345,1
plg yth no  simcard men-dptkan 1 unit toyota all new yaris gebyar tricare pin pmnang 8jf2177  u info hub 089676547727 klik  www data-tricare jimdo com,1
plg yth no  pilih menang cek rp 100jt dr pt telkomsel hut telkomsel ke-17 thn 2012 hub call center 085313311113,1
plg yth  no  081310xx m-dpt hadiah all new avanza dr pt telkomsel pin  b89c7h9 info klik  www tsel-resmi777 jimdo coma hub  0016282333306308 ,1
plg yth  selamat nomor 3care pilih mendptkan hadiah cek tunai rp 45jt dr program undi 3care pin 7711ca88 info klik  www tricare2016 jimdo com,1
plg yth  no men-dpt hadiah dr  pengundiang pt  indosat pin  b89c7h9 u lihat hadiah klik  www pemenangindosat-poin webs com,1
plg yth  simcard mendptkan bonus poin plus 555 dr  pt indosat pin anda 277fg49 u info klik www indosat-555 blogspot com hub 021-3338-0074 ,1
plg yth   nomor resmi pilih menang hadiah ke-2 pt m- tronik no pin  2g43f79 u info urus hadiah klik  www gebyarmtronik tk,1
plgn yth  mendpt hadiah  1  unit mobil suzuki ertiga pt hm sampoerna tbk  pin  f77a47h u info klik www sampoernatbk co nf,1
plgn yth  h rian harino opoerator tri tlah hubung sambung jdi informasi lwt sms  sblum hadiah jatuh tempo  selamat no tri menang undi 3care no pin menang mg75k7  hub kantor tri jakarta  0895-349-076-577 info klik www kejutanundiantri blogspot com,1
plgn yth  tri mnctv umum nomor tgl 03-maret-2015 pagi tdk sambung desi hermawati costumer servis tri plaza semanggi lt1 jl  jend sudirman kav50 jkt pst kirim sms jatuh tempo nomor simcard tri menang undi pesta internet tri hadiah ke2 toyota new yaris  pin anda 2d7id99 info resmi klik  www internet-tri jimdo com,1
plgn yth  tri mnctv umum nomor pd tgl 5 agustus 2015 tdk dpt trsmbung desy hermawati dr pt hutchison tri plaza semanggi lt 1 jl jend sudirman kav 50 jkt pst kirim sms sblum jtuh tempo bhwa no simcard menang undi pesta poin tri hadiah ke2 toyota all new yaris pin 2d7id99 klik situs resmi  www my-tri2015 jimdo com,1
pnjaman mudah tnpa jamin  proses cepat  syrt  ft cpy ktp krtu kredit  minat call  ari 021-32440198,1
promo blackberry bb dakota 2 9jt bb torch 2jt bb davis 1 5jt bb onyx 1 4jt bb gemini 950rb minat hub  085715186696 promo batas ,1
promo blackberry bb dakota 2jt bb torch 1 5jt bb davis 1 3jt bb orlando 1 8jt bb gemini 950rb minat hub  085715186696 promo batas,1
promo cuci gudang blackberry  samsung  apple  laptop beli 2 dpt 3 info call  082193609797  pin bb  27514362 fb  caturgadget  ymail com,1
promo lebaran paket service motor olie 35rb  harga rp42rb  genuine oil gop shop  info 088980007432berlaku 15jui-15aug2013 www genuineoil co id,1
promo baru toko artha jaya bb dakota 3 jt iphone5 3 5 jt bb onyx3 2 8 jt camera dll call sms  085335875777,1
pt m-tronik hubung tdk sambung no resmi raih hadiah ke-2 pin 25e477r cek hadiah www hadiahmtronik-2016 tk,1
pt  garsindo cari agen jual pulsa m-kios all operator transaksi 24 jam dgn harga  v5  4500 v10 8500 v20 18000 u gabung kirim 085318655616,1
pt  indofood tbk pilih menang hadiah  3  promo popmie pin 2aiu87e  utk info klik www promoundian-popmie jimdo com,1
pt  pertamina persero terima karyawan  i  lulus smk  d1  d2  d3  s1  s2 kirim lamar  cv  ijazah  photo4x6  notip email  pertaminareckrutment  ymail com,1
pt bni  persero  tbk  rekening pilih rp 27jt rejeki bni taplus  kode cek 02599875 silah klik www bnitaplus46 tk,1
pt indofood tbk resmi menang uang rp 49jt pop mie no pin xy7qd77  info lengkap klik www undianindofood-tbk jimdo com,1
pt mtronik berkah isi ulang pulsa m tronik no  m-dptkan hadiah ke-2 pin menang  25e477r  u info klik  www undianmtronik75 blogspot com,1
pt tri care pin menang    m-dptkan hadiah i unit toyota yaris u info cek pin klik  www tricare2015 blogspot com,1
pt tri care selamat    simcard hadiah 1 unit toyota avanza pin   f8hj7tl  info klik  www hadiah-tri3care2016 blogspot co id,1
pt tri no v11-3 16 slamat no simcard mraih cek tunai rp 35jt program isi ulang pulsa pin  m902cx8j info klik  www bonus3tri com,1
resmi indosat no 0815xxxxxxx pilih menang poin plus pin menang  b89c7h9  u info klik www semarak-poinplusplus-2013 webs com   sms kirim no 085798428715 ,1
resmi tri care pin menang anda 8jf2177 medptkan 1 unit toyota yaris u info klik  www gebyar3care jimdo com cs 021-80001234 089643122237,1
rumah  tanah yg jual  sy ayu sdh survei minat u beli mslh hrg mhn hub suami 085282157222 dr hj sopi,1
arum k prasodjo operator tri jkt pst pt pos persero surat pemberitahuan alamat registrasi kartu tri temu kirim sms info ini selamat   nomor menang undi tri siar mnctv tgl 11-agustus 2015 menang ke2 pin undi  333342m lengkap prosedur hadiah jatuh tempo klik  http www gebyar-trichampions jimdo com ,1
td pagi sms  pt tri 3simcard resmi m-dptkan hadiah honda jazz rs  kode pin 477bfg7s  info hub 089606490199 klik  www pusat-tri blogspot com,1
sayang belikn aq pulsa nmr  085215126428  aq yg telp km  aq pake hp tmn  skrg yacc ,1
sayang kalah cepat  khawatir  ayo coba sesi   pasti baca pesan line indonesia info hadiah event sesi,1
bayar di transfer harap hubung atas  bpk ardiansah no tlp  081563257257 ubah bayar ,1
dapat e-tiket pswt hrga promo terbang domestik  internasional reservasi tiket  mudah  praktis  hub  02136146799  085312792222 www asia-travel com,1
dptkan ijazah d3-s1-s2 asli daftar  akreditasi cepat  kilat instan resmi silah  www buatijazahs1 wordpress com hub 085222999475 tks,1
selamat    mndptkan cek tunai rp 27jt dr pt bank rakyat indonesia pin  ijh76k79 u info klik www bri-untungbeliung blogspot com hub 021-3677-1839,1
selamat menang undi pop-mie hadiah 1unit mobil nissan juke pin  b89c7h9 info klik situs  www info-undian-pop-mie webs com,1
selamat menang promo undi pop-mie getlucky men-dptkan 1unit mobil nissan juke pin  b89c7h9 u info klik  www hadiah-pop-mie-2013 webs com,1
selamat daftar member m-pulsa kode agen d303-111 pin 1234 saldo rp 0 - tambah saldo ketik info kirim 6287820008358,1
selamat terdftr diprog gratis nelp 1000mnt  1000sms keisat internet hg 1000mb dg isiulang 10rb  isiulang pulsa  nikmat bonus cekbns   555  3 ,1
selamat kpd milik no simcard 085643xxxxxx  uang tunai rp 49jt pt indosat pin  rwd2749 www indosat-poin-2013 jimdo com hub 085693577707  spam ,1
selamat no sim card m-dptkan hadiah  1  unit mobil toyota yaris pin 8jf2177 u info hub  0895343233477 klik www info-hadiahtricare blogspot co id awas tipu,1
selamat nomor 3care pilih mendptkan hadiah 1unit mobil toyota yaris  pin menang   8jf2177   u info cek  www caretri blogspot com,1
selamat nomor 3care pilih mendptkan hadiah honda jazz rs dr program undi 3care pin 792rw1f7 info klik  www tricare2016 jimdo com nih bank bri no rekening  313 0100 5936 535 nama  bayu alamsyah,1
selamat  no pilih m-dptkan kejut hadiah langsung 3care kode menang b89c7h9 utk info lenkap kunjung web www hadiaht3care blogspot com,1
selamat   mendpt hadiah rp  75 juta  telkomsel point  edisi september  hub kntr pusat  082375271777  ir  dwi hartanto ,1
selamat   m-dapat hadiah unit mobil alphard dr telkomsel info hub  0016282336033777 kunjung website http  telkomselundian2013 jimdo com,1
selamat   men  dpt hadiah rp 75juta  telkomselpoin  periode maret  pin  33c7  hub kntr pusat  082113720777 ir wardoyo  ,1
selamat   mendpt hadiah rp  75 juta  telkomsel point  edisi september  hub kntr pusat,1
selamat  m-dptkan hadiah cek tunai rp  15jt indosat pin anda 277fg49 u info ambil hadiah kunjung website indosat www hadiah-indosat blogspot com,1
selamat  mdptkan unit mobil nissan juke dr pt indofood pin anda 27tdn55 u info ambil hadiah  kunjung website www popmieget-lucky blogspot com,1
selamat  mndptkan hadiah cektunai rp  15jt indosat pin 277fg49 u info ambil hadiah kunjung website indosat www gebyar-poinindosat blogspot com,1
selamat  menang 1 unit mobil freed dr telkomsel  edisi thn 2013 undi tdi mlm pkl 23 30 rcti u info hub  082329676767 h mulyadi kirim  777,1
selamat  m-dptkan hadiah 1 unit mobil honda jazz  uang tunai 35jt rs dr pt tricare pin menang  477bfg7s  u info klik  www tricareindonesia com,1
selamat  langgan 08157xxx mendpt hadiah ke4 program poin plus plus indosat no pin 277fg49 info klik www poinplus-plus-7887-2013 webs com,1
selamat  no simcard resmi m-dptkan hadiah 1 unit honda jazz  tri 3care pin menang 25zt67km u info cek pin klik  www infohadiahtricare ml,1
selamat  t rpilih l ngsung m ndptkan hadiah dr pt telkomsel rp 75jt u info hubung pusat  085245780079 drs h mulyadi laksana  telkomsel,1
seminar denpasar bal wakil mahasiswa  kewirausahaan biaya transport rp 10 juta  nomor serta 100 semnas 9997175 dikti 2011  direktur mahasiswa dikti prof dr joko purwanto  m si  hubung 081281108799 wahyudin zarkasi  no  referensi ptx 001 3591 0100 1572 503,1
sim card m-dptkan hadiah 1 yunit mobil toyota yaris no pin menang  8jf2177  u info www hadiahtricare blogspot com,1
simcard menang gebyar isi ulang tri 2015 pin 7n77f33 laku verifikasi www idtricare blogspot com,1
slmat no m-dpt dana bantu rp 55jt dr pt sidomuncul u info hub  ir  hj  muliyadi 0852-3377-1855 laksana  pt sidomuncul,1
slmt no mendptkan hadiah 1 unit mobil honda jazz dr promo tri care 2016 dgn pin menang 454647lm lnfo klik  www kejutanbimatri blogspot com,1
slmt no resmi m dpt hdiah rp100jt dri pt mkios pmenang ke2 pin  m2577  u info  hub pak h risal dermawan 0822-9399-7119 mkios,1
slmt simcard 08562xxxxxx mdpat cek tunai rp 49jt pin  rwd2749  info cs 085691371116 kunjung www indosat-id jimdo com,1
slmt   no men-dpt hadiah dr  undi pt telkomsel no pin b89c7  hadiah  sila klik  www telkomselpoin2222 webs com,1
slmt   no mendpt hadiah rp  75 juta  telkomsel poin  undi mlm 23 30 wib rcti info hub  085377177138 ir  serianto  kirim   777,1
slmt   no men-dptkan hadiah dr undi poin plus plus indosat no pin  d377hi8  info menang silah klik www kejutan-indosatpoinplusplus2013 webs com,1
slmt   no men-dptkan hadiah dr undi poin plus plus indosat no pin  d377hi8  utk info menang silah klik www kejutan-indosatpoinplus2013 webs com,1
slmt    no m-dpt mobil avanza dr kartu as undi td malam metro tv pkl  23 00 wib u info klik  www telkomsell jimdo atau hub  0016285286552555,1
slmt    no m-dpt mobil avanza dr kartu as  undi td malam metro tv pkl 23 00 info kunjung almt  www priode- webs com hub 0016282190254447 tsel,1
slmt   no mendpt hadiah rp 75jt dari telkomselpoin undi mlm pukul 23 30 wib rcti info hub  085217777509 drs h srianto kirim  777,1
slmt  -no m-dpt 1-unit mobil all new avanza  telkomselpoin pin pmenan b89c7h9  u info lengkap kunjung  www telkomselpoin-777 pus com,1
slmt no  mndptkn hadiah  grand prize  uang rp 100jt  dr telkomsel poin no pin-25g47jk hub call center 081233303888 kirim  t-sel,1
smlt anda m-ndpt hadiah toyota all new avanza  dr telkomselpoin  pin menang b89c7h9  u info lengkap kunjung  http  gebyartelkomsel juplo com,1
solusi khusus pegang kartu kredit  nikmat kredit angunan bank asing 5 - 99 jt  1 79  100 - 150 jt  1 5  hub  lukman 081586769255 021 - 94828857,1
solusi praktis khusus pegang kartu kredit nikmat mudah kredit agun 5 - 150jt dgn max pinj 5 x limit  hub fany 02194521396  abai tdk minat ,1
surat putus tri care indonesia no xv 2015 pin menang  67ytg44 hadiah cek tunai rp 45 jt  u info kunjung  www id tri webnode com ,1
surat putus tri care indonesia no xv 2016 pin menang anda hh25h77 hadiah 1 unit mobil honda jazz rs  u info klik  http tri-2016 webnode com,1
surat putus tri care indonesia no xv 2016 pin menang anda 67ytg44 hadiah cek tunai rp 45juta u info klik  www info-undian3 webnode com,1
surat putus tri care indonesia no xv 2016 pin menang 67ytg44 pilih cek 45jt info kunjung www my-tri8 webnode com,1
surat putus dr tri care no xv 2015 pin menang anda m902cx8j cek rp  35juta  u info klik www info-3careindonesia tk,1
surat putus dri pt tri 3care no xv 2015 pin pen 2f5c477 ber hasil men-dapatkan 1 yunit mobil honda jazz rs u info kunjung www situshadiah-3care blogspot co id,1
surat putus dri tri care no xv 2015 pin menang 477bfg7s mdptkan hadiah honda jazz hub 02150227999 info pin klik  www tricareindonesia com,1
surat putus pt tri care slamat no anda resmi raih hadiah toyota yaris pin undi 477fbg7s info hub 089636872499 klik  www pusat-tricare com,1
surat putus pt tri 3 simcard resmi m-dptakan hadiah honda jazz rs pin undi  477bfg7s  info hub  089667794299 klik  www gebyar-tricare com,1
surat putus pt tri 3 slamat no 08966xxx resmi m-dptkan honda jazz rs kode pin 477bfg7s info hub 08606490199 klik  www hadiah-tricare com,1
surat putus resmi dr tri care no xv 2016 pin menang anda 39xv544f mendpt-1 unit mobil honda jazz rs u info klik www kejutantriindonesia blogspot co id,1
surat putus resmi m-kios noxv 04 2016 no anda resmi raih hadiah ke-2 dri pt m-kios pin  m248k81 u info klik  www hadiah-ptmkios547 blogspot com,1
surat putus resmi slmt no sim card t pilih menang ke-2 dri pt-m-tronik pin   2f54e7  u info klik  www cekhadiahmtronik2016 ga,1
surat putus  no vii t-3 16  kode undi  94ad653 selamat no anda mendpt hadiah cek tunai rp 45jt u info kunjung  www gebyartricare co vu,1
surat putus tricare indonesia no xv 2015 pin menang 8jf2177 1toyota yaris u info kunjung www tri-2015 webnode com blogspot com,1
sy ajeng sms pt  3care indonesia uang tunai rp  100 juta website www pttricare2016 blogspot com bayar administrasi rp  1 250 juta  sy telpon bambang purwanto  nomer rekening tuju bayar administrasi bank bri a n pt  tri lestari websitenya cantum ktp marketing office pt  3 care indonesia,1
sy dr hj fatima sdh cocok rumah tanah bpk ibu  tlg jgn tawar lg yg  hrg negosiasi suami sy 082375833300 dr h hendra irawan,1
sy dr rimbawan  dirmawa ipb  yth  jajang roni aunul kholik  nim  e14090090  hbngi skrng prof dr ir yonny koesmaryono  ms 0819882923 di hadir seminar kembang karakter mahasiswa dikti tgl 14 15 april htl nusa bal  trims ,1
sy rudi jambi  bgi tman2 yg kalah togel kalah bandar hub mbah ros 082325557768 jamin tembus  sy sdh bukti 4d 50jt ,1
sy rudy dri malaysia brencana investasi uang sy sbagai bekal hidup indo  sy butuh org yg sy percaya uang sy rm 5jt  bsedia  sms 085256144059,1
terima kasih isi ulang sunny15 trx sukses sbsar 10 000 sn 1790103904 byr plntelkom bisa kami tnggu datang,1
terima kasih isi counter war pul cell  info  layan bayar tagih pln,1
pilih cek 27jt  kode triple cek  02599875  u info klik website www undianbri co vu,1
togel sgp edisi senin 10 06 2013 angka jitu 40 76 65 53 89 jamin tbs  stlh tbs krim plsa 100rb mahar dkrm no  082329969711 ki karso,1
toko bagus phone promo diskon 50  blackberry  dakota rp 2 8jt torchrp 2jt gemini 900rb info sms pin 282f4c55 085776973349 www tokobagusphone com,1
toko bursa cuci gudang diskon 60  bb dakota  2 3 jt  toch  1 6 jt  gemini  1 jt  laptop info  085322222369 pin bb  2a6fb800e www shopinbursabb blogspot com,1
toko jaya bb    discount 50  type blackberry gemini 900 ribu  torch 2 5 jt  dakota 2 8 jta nokia  samsung  info klik www jayabb com,1
toko jember promo discon 50  keyboard yahama  dakota rp  2 8 jt  onix3 rp  2 2 jt  gemini rp  800 rb info sms  085234234117 pin bb 295c6d02 www jember-shop blogspot com,1
toko niaga-cell disc 45  khusus promo  - blackberry- nokia- samsung- iphone dll  info hub sms  082-33333-783 buka website  www niaga-cell blogspot com,1
toko rahmat abadi big sale 50  blackberry iphone ipad samsung laptop dll info hub sms  085774280447 pin  26ab6bee cek  www abadi-shop47 blogspot com,1
tolong belikan mama pulsa 25rb no as mama 085245318024 teman mama celaka  skrg kluarganya hrus hubung  nti mama ganti uang ,1
tolong uang kirim rekening aja  bri  a n  hasan mahmud  rek  3292-0101-9525-532 sms aja klau kirim  makasih ,1
tolong uang transfer aja kesini mandiri a n rahmad adrian no rek  1340-0065-58125 sms aja kalo sdh kirim  trims,1
tolong uang transfer bank -- -- - an ardiansyah 5500248418  transfer sms  terima kasih,1
tolong uang transfer aja bank bni  022-741-3681 a n friska ananda  sms transfer  trimksi  - see more at  http  metropolitan ini com read detail 1777965 awas-modus-penipuan-sms-model-baru  sthash dkwn8eae dpuf,1
tolong uang kirim aja kesini bank danamon a n farida hanum no rek  0035-3918- 4014 sms aja klo udah kirim  trims,1
tolong uang transfer bank xxx a n  xxx 0231327xxx  transfer sms  terima kasih,1
top100 celluler discound 25  bb dacota rp  3 9 jt  bb onyx3 rp 3 jt  bb gemini rp 1 jt  laptop kamera  iphone  dll  info kunjung www top100-celluler com pin  bb  2a95596a,1
tour-travel dptkan tiket pesawat  promo domestik  internasional mudah aman  booking online 24 jam hub telp  081314447669 websete  www lion-airtravel com ,1
transfer bank xxx a n xxx no rek 7390685xxx  transfer sms no ya ,1
transfer bni aja  a n soraya harum rek  0233-293-922 klo sdh kbrin nmr ya ,1
transfer mandiri aja  a n resti amanda norek 9000007701999,1
transfer uang rek ini mandiri no rek  152-00-1236312-9 a n  darman  klau sdah transfer sms nmor trima kasih,1
transfer bri aja a n angga prastia no rek 1172-01-002218-502,1
trima ksh mjd langgan  cnf aqua  gnkan no 085729791456 mesan air isi ulang agua asli n sed  a jga gas 3kg 12kg tlng sebar sms tmn2 kost n kampus jga ya jgn henti km terima kas  h  nb  tlng save no mesan aqua b  la butuh mksh  gratis,1
tselpoin 777 kejut poin hadiah rp 15jt resmi 0852212xxxxx pin-b7bc247 u info hub cs  pt telkomsel 021-40467488 021-50219992 kirim  777,1
uang trnsfer bni aja a n rastina no rek 0253 7915 37 klo sdh d trnsfer sms aja no 085293355598 trmks ,1
uang kirim aja rekening  bankbni a n safitri no rekening 0282566132,1
uang kirim rek  bank bni a n   sdr abdul rahman no  rek   024-8721- 191 sms kirim  terima kasih,1
wassalamu alaikum wr wb uang kirim no rek bri a n nova aryaxxx 0544 0100 8633 xxx sdh transfer sms aja no trmh kasih  no  hp kirim sms  0821-5104-2542,1
ya allah  moga yg hp  keluarga kasih sayang mu  kah rejekinya  jauh mara bahaya   amin kenan,1
yank tlong isi  in pulsa 10rb  no ini 082189983017 aq yg tlpn yacc ,1
yank tolong isi in pulsa no ini 085325556742 no baruq skrng,1
yank  isi dl pulsa no as 085323048677 gw gantiin penting bget nih krn barusan bos gw nelpon gw tgguin yach,1
yth bpk ibu  bni rekening pilih menang hadiah rp  35jt  kode cek 03299757 info klik www bankbni2016 blogspot com,1
yth isti sofiyah  hubung bpk drs h lalu safi  i m pd  kadisdik ntb 08531166 6557 perihal seminar gratis dikti   bu sri tu diknas ,1
yth kpd bpk ibu sy eka novitasari kariyawan 3care m-hub tdk sambung dgn hormat sms singkat dr layan selamat no m-dptkan hadiah 1 unit mobil toyota avanza dgn pin 47v27 dr undi rejeki 3care periode utama 2014 u info kunjung www rejekiundian3care jimdo com,1
yth  miitra silah cek poin tukar admin format po pin kirim 62xxxxxxxxxx,1
yuk ikut akun dakwah   ketik  spasi  akucintaislam kirim 082110001021 ,1
kfc yg deket enhaii dy,0
maaf janji penuh  janji ,0
 ngsih bunga ato coklat min,0
sambl nunggu  gimana kalo ngerjain form formnya aja,0
 akademik  perhati tuk jadwal kontrak kuliah ang 2012 sebenarny  kuliah jadwal kur yg ang 2013 ato atas 2014 2015 2016  jadwal yg jadwal bayang tuk tuju kontrak kuliah  atas ga laku tuk mk yg jalan ang spt skripsi sidang  harap perhati ,0
 info pla  assalam  yg ambil mk pla wajib kumpul hari tgl kamis 25 agustus 2016 10 00 wibb  agenda  bekal jelas pla tempat  gdg jica lt 3 r s301 demikian informasiny  harap perhati d sebar,0
 info  teman2 yg kumpul data asisten lab matakuliah bukti surat terang ambil andri,0
2016 08 21 12 27 17 daftar langgan tcash full service  tingkat saldo dg isi saldo tcash merchant logo tcash dekat ,0
2016 08 21 12 27 32 pin tcash 605598 silah pin nikmat layan tcash telkomsel,0
22nya mad  bingung bkn lapor ,0
aamiin  makasih moga cepat lulus,0
aamiin  makasih  moga teman2 cepat nyusul moga urus lancar allah aamiin,0
abis maghrib yaa,0
warkop deket indomaret gum 500 bulan,0
bip studio foto gitu,0
nama1  tpi gatau msh fungsi engga  udh ga dipake sih,0
ruang nya,0
internet min alamat dmn ,0
mba  harga 1 6jt bln  fasilitas air hangat  kamar mandi  tv  tv kabel  wifi  meja  tdr  lemari ,0
nya instagram,0
asa nyesel gt  kuliah  asa ga merhatin  ga ngerangkul  pribadi hmm,0
pandu pla  dishare grup fb,0
sih yg nikah muda tp  liat  bahagia  tp one of a million kayak kalo temen2 ku hmm,0
teh dikpad  kontak    ,0
400 rb kamar mandi sama2 kamar mandi 600 700 rb,0
yg ikan tempe,0
yg nikah muda  yg gagal nikah  yg pacar eh putus alesannya karna sayang jd gak nyakitin  pret   yg jagain jodoh org  yg ah wkwk,0
yg tau ruang daya yg fpmipa b ,0
yg tdk jam  pagi jam 8  umum ,0
aduh ge pusing yg lamar yg nyari2 butuh,0
aigoo banget chatnyaa liat hape hehehe,0
air asa lancar  besok ku papa yah ,0
ajakin soekarno hatta aja nama1  makan eatboss soekarno hatta wkwkw,0
spagetti  tp kaldaluarsa yah,0
bawa daging yg dah rebus gapapa  yg mentah tinggal tulang2an wkwk,0
besok dtg telat jam 8 ngga  jam 10 ya mulai ,0
delete aja ya  ntar nama1 pull sync  ntar masukin nama1  push ,0
pasca skrng,0
pt ,0
dy wkwk restu jg krna jauh,0
ga enak euy bilang adik  adik ken pvj nama1  ,0
ga upi,0
pagi  tp dua nama1 doang pake grab   nunggu nama1 siang  ,0
jg blm berangkt wkwk,0
jg rumah lg ga apa2 gara2 kulkas rusak   suka nyetok sayur,0
jg foto tgl 17 juli  selesai 29 agustus  ,0
besoook   ,0
kumpul pon dy  kalo haris kerja sore mo pacar dy,0
mah plg rumah ketemu ayah mama   ,0
mah tinggal jual  jd marah ntar alesannya  duit km   diem lgsg haha,0
bawa balon sm coklat min  nitip ,0
nyari data dibutuhin tabel aja ,0
geleh sendiiri lipstik merah wkkw  dapet kasih jg,0
push updatenya  udah template adminlte ,0
senin udah kerja  minggu2 gaktau bisa ngga  ,0
teh bawa celana jeans yg tua tp jilbab yg muda - -,0
alhamdulillah  makasih yaaa udah luang ,0
alhamdulillah  puji syukur nikmat allah swt  nikmat hidup detik evaluasi  sadar khilaf salah ,0
alhamdullilah beres   group silah  silah yg manfaat group diskusi topik kait skripsi gemastik kerja ,0
andipublisher com  po0216020925  96000  02-02-2016  bni  bank mandiri,0
pagi pagi ya  bjam 10an jakarta ,0
nama1 jg text dy  text essay gt jd nih murid guru  si guru ngasih uji  hasil uji murid dibandingin guru  yg bener  trs outputnya skor hasil uji,0
nama1 msh pake db yg msh anomali nyesuain ga,0
nama1 cuman nambah table daftar ulang ird  master  yg samain aja ya pake yg data pasien  2  sql,0
assalamualaikum akang teteh  lupa ya carrier day jam 10 30  exhibition fpmipa b    love  hayuu teh ditungguuu,0
assalamualaikum bu  nama1 mhsi ilkom 2012 dpt bimbing skripsi  mohon maaf bu  minggu kampus ap aj bu  terima kasih ,0
assalamualaikum  nanya putar mobcom sp  kuliah pas sp aja  trims,0
assalamualaikum  mohon maaf  remedial dwm hadir  online  mohon maaf,0
assalamualaikum  dg nama1 ilkom 2012 maaf td ninggalin proposal meja printer  terima kasih ,0
assalamu alaikum wr wb  daftar uji pla tahap 4,0
assalamu alaikum  nama1 bantu ,0
assalamualaikum  yg tau kalo file nilai  fb ,0
gaperlu kampus nama1  tolong kirimin kunci aja make jne cenah ip,0
atuhlah  tinggal yg nyaah  jgn gitulah gais  bis ,0
atulah teh udh ngidam sate maranggi dr puasa  naha ka subang teu ngajakan ih,0
ayam aja  paket isi ap aja ,0
ayam menu bu  ayam bakar kremes  cabe ijo  lada hitam  asam manis  rica rica  baberque  isi nasi ayam lalap sambal  tempe  air mineral gelas  bu  maaf bu paket 16rb s d 19rb  tau anggar ya,0
ayo nama1 semangat skripsi yaaah biar cpt lulus  kerja  cpt nikah wkwkwk,0
uji serah dgn jilid  yg sdg nunggu uji sabar tuk sesuai waktupenguji ,0
yg tarik gemastik 2016 diskusi  http  line me r ti g xxxxx,0
 kamis kantor,0
 bsk bawa form nilai ya  berkas ,0
bal mah kudu atuh duit,0
ngeh chatnya maaf  maaf ,0
bebas nama1  tgl libur  pajuin aja kamis sabtu ,0
bebas  senin stuju  aja yg kebapain program ,0
beli es kelapa d besto teh,0
de  kagi nyoba ngejar ,0
uji  pa insya allah siang kampus  mudah2an pa eka nya ,0
bentar lg gik  buru2 ga  kalo buru2 nitip yg ngontrak ipc aj,0
palasari nya skrg  abis langsung gik,0
besok kasihin softfilenya gpp ,0
besok dwm ya praktikum weka  bawa laptop ,0
besok jam berapaa  ih  udah 2 kali skip ,0
besok kantor tunggu jam 9 ya ,0
besok kampus ga ,0
besok rapat dinas  selasa aja ya ,0
besok siang ya jam 2,0
besok yuk jam bih jam 4-6,0
beu atuh  nunggu yg pulang ppl,0
biar rapih aj mad  controllernya msh digabung2 bikin fungsi,0
biasana sih nama1 sampe jam 12 kampus ,0
subang ya kalo weekend,0
mah stasiun teh lewatin rel nama1,0
bimbing lg nama1 da,0
bebas nama1  tgl libur  pajuin aja kamis sabtu ,0
bu  buka jam 11 bu,0
15rb ga  acara bebek komar iti 13 5rb 2015,0
turun  cegah remedial siap asal ,0
bis ga enak ga bantuin beberes ato masak2nya  ,0
blm cek min  bgt gedorin,0
blm beres sep byk bug,0
blm mad ntr sore td udh ktmu,0
bntr pulang,0
bntr lg sholat mel  upinet kasih tau ya  males,0
bole duaduanya pen hardcover  tp usaha udh ttd,0
bu  pindah  berat kabarin bu  terima kasih ,0
install  bawa installernya ,0
alamat nya kalo gang softball kmna gtu,0
nitip coklat alhuda ,0
ramen aa gpp jam 12 39 ya,0
bsok kmpul euy  gmna  tpi gin aja  vote aja yg bsok sapa skrg sapa,0
btw magicomnya yg gais  gaada yg gede,0
bu maaf lupa jumat ya  jumat buka jam 1 bu  solat jumat  maaf upi ya,0
bu mastiin ketemu jica bu ,0
yg mahasiswa,0
daging sapi  bakar dmna  d pantai d rumah nama1 ,0
cape sih tp da susah euy kalo udah pikir gtu teh,0
panggil na localhost sistemrumahsakit gerbang rawatdarurat,0
cari ken  murah riah kualiatasnya bagus,0
cerita aja  tp tetep bikin nang,0
coba yg prodi  punten liatin jadwal sidang  tulis suruh kumpul jam brp gitu gak  nuhun,0
coba teh dy  kadang cewe mah overthink overreact,0
alquran sbgai pedoman org2 yg iman ,0
da gapapa public  dimasukin ,0
da sebenernya makan indomie ge mah ,0
pt gagas  pt ixindo  pt bima data pratama  sma sukarnohatta  sma purwakarta  smk pgi  sma swamedia kang,0
data pasien no medrec sdgkn daftar ulang pake no register karna field yg isi daftar ulang beda tablenya beda,0
derr ya wacana kaka bunda,0
folder sql  aya sql rawatdaruat sql tinggal sesuain maneh we  coba k ente jalanken  urg mh teu jalan ngan load view mh  error database  soalna lieur gabungken database na ,0
kfc belok setiabudi pom bensin colok gak sih ,0
diagnosa  pasien irj ga diagnosa,0
nama1 helmkuuuu    ,0
nama1 ntr kosan yaaaaa,0
kirim nya disatuin ,0
nama1 dah selesei blm machine learningnya ,0
nama1 nmr yg  ntr ayu sms kl udah dpn kosan yah,0
nama1 kosan yah  nanya2 jg lapor  ga ,0
nama1  controller view nya aja ,0
nama1  database view controller js dropdown kota ,0
nama1 pakai flash animasi ga   pakai movie maker  ,0
nama1 kosan gaaa  numpang dooong,0
nama1 dmna  mnta tolong ss bisns proses nya     ,0
nama1 pt  inti ,0
nama1 maapin buka line,0
nama1 pergi ga  kalo engga kosan,0
nama1  note nama1 dinamic emil  kembaliin nama1 gmana ,0
nama1 bikin makalah daftar isi langsung gmana ,0
nama1  graha desila kmr 14 lt 2  aqua  20000  kembali ,0
lantai 2 ya ruang skripsi,0
angka 0,0
dmana aja kang hehe,0
doa aja ya bsok lancar cepet nyampe jam 9 malem,0
dr ciateul kekalapa lg  frown ,0
duh gusti ujan gede  moga riung gak bocor yah gais,0
e   gila  namakuuu  luluuus,0
edan edan nama1 moga keluarga samawa,0
eh instances deh  diload ga bs,0
eh kosan nama1 maksud  temen nama1  september,0
eh gatau  td bagus nanyain,0
eh iyaa gais kado udah kasih yaa  nama1 makasihh maaf salah  minggu udah samarinda,0
eh brati makan 2 kali ya  malem sma bsok pagi ,0
eh tp jam 5 pas jgn malem hbs mgrib  takut plg wk,0
emang bayar nama1 ,0
enakaa ajaaa gw antar cowok gw yaa dijmput nama1,0
engga tau sep ntr kosan cek malam liat,0
engga teh udh  brgkt  td line teteh,0
eta mah data dokter  maksud urg teh si pasien teh aya meren pariksa ku dokter saha ,0
nama1 lembar yg kamrin anto  tp yg bab 2 parafrase kalimat  jgn copy paste ,0
nama1  jalan  besok aja habis jumat ketemu kanto  web service nya akses,0
food teh maksud beras kang ,0
ga birthday nya  wkwk,0
gaaais dlm menit aja jd nasabah btpn wkwk,0
gaaais nama kyk nama1 nih biar rapih,0
gaada yg temen mah,0
gaes gaes drakor gaes besok yawww,0
gais brgkt  matiin hp,0
gais bsk kke kantor ya nyerahin lapor udh dpt ttd paedi  hard jilid  jgn lupa ya source lapor cd,0
gais chat2 tolong baca paham biar ga ulg2 ,0
gais kalo dri upi unisba pake angkot pulang pergi ,0
gais ngantor tgl 4 bawa form nilai  daftar hadir  form bimbing  sekalulian foto ,0
gais kyknya bapa ga bls sms  gmn  tp bapa bls sms teh tia blg kantor tia jg blg kantor ,0
gais lapor 40 bimbing bimbing lapang ,0
gais tanyain pla ap aja yg dr pla selesai nilai dr kampus  surat2 ga ,0
gajadi gadiabsen yg telat lebib dr 15 menit da kaya,0
gak takut  tp emang blm  gatau sampe kwkw,0
gak  sih percaya aja  dosa tanggung hehe  nilai mobprog selesai  silah cek ,0
gampang da tampil doang ,0
gara gara batman  pdhl udh ulang,0
gatau nuy  suruh tunggu aja cenah bom diinvite2 apapa mah,0
gatau bapa nya keburu jumat  poko suruh ngumpul dlu gt,0
geng jam brpa  respon yah ,0
gimana nuy hadap beliau ,0
gpp kali beda beda sep,0
guys yg motor ngampus gak  temenin ambil foto laaah  unbearable ,0
guys gabawa beras yaaa  abis dr pasar beli berat bgt  yg bawa beras mohon lebih hehe,0
guys bdg studi foto yg gin gaaak,0
guys numpang promosi bis yg butuh  jual macbook air layar 11inch ram 4gb ssd 128gb garansi sisa 5 jual jarang pake  harga pm,0
guys  ganti template nya ,0
guys  groupwherenya pake github aja ya,0
habis  pake groupwhere  biar ga cecer filenya ,0
haha ayook bully adi ndut ,0
hai akang-teteh  tau  calon pimpin kemakom periode 2016-2017  yuk simak visi-misi  ,0
harga kisar 50rb nama1 ,0
kamis masuk,0
hayu da gais  tp kudu disurvey  bis tiba2 something wkwk,0
hbd nama1  cepet sidang cepet wisuda yaaa aamiiiin,0
hehe sep ku jebol pake solder tp jd jelek ,0
hmm sebenernya cuman eksekusi jquery control sep coba cek jquery yg dicotroller klik button  controller yg nyetak pdf,0
hmmm tiket batam duit gile,0
hub lg kalo udah dkt wktnya ,0
ibu bobok  nanya ttg daging  kalo daging presto,0
info gempa mag 5 3 sr  21-jun-16 21 10 23 wib  lok 2 21 ls 99 33 bt  98 km tenggara kep-mentawai-sumbar   kedlmn 34 km  bmkg,0
hujan malam ruang kamar kaya gabisa nyalain     nunggu kering nyala  smg ujannya renti ,0
udh gorengin,0
kalo lg beneran ngumpul lg mewek jamaah,0
insyaaallah ikhlas mel  asa udah bahas grup  trs yg responnya gt,0
isi saldo nya grapari  indomaret  ato tf bca,0
pake data dummy  ntar gampang mh ,0
nama ap nur  tokopedi bukalapak lumayan laa complete walopun kw jenis,0
teh sebenernya krna sakit sma orang nuy  kalo udah nemu orang mah beda,0
tugas pentaho langsung presentasi pentaho nya ,0
iya inget jam dinding rumah awet hadiah nikah ,0
iya nama1  lab jarkom  pas copy sql sigindo tea ,0
iya ih ko sedih sih gtau lg bandung  ,0
iya ih maksimal bulan wkwkwk pdhl aja yg mo pindah  ,0
iya kosong agus sept,0
iya file terkahir data pasien  - -,0
iya kar lg dikosan nih  numpang ap ,0
iya singapur make 1dolar tea gening wkwk,0
iya liat mock up nya maksud,0
iya put alat masak makan mah usahain,0
iya teh  selasa  bapa rabu berangkat ,0
iya ya ratarata programmer gt hirenya udh pake csps gt gt,0
iya  butuh data teh data  rj rd ,0
iya  kamera kecuali kamera lia taro situ,0
iyaaa makan bumbu dsb biar bawa dr rumah irit hehehe,0
iyaaaa ayyuuuukk biar reuni dg org fir,0
iya malam mahal kek yg suka jalan,0
meet upnyaa nih tema tema ,0
kita cari sibuk jg ya  biar ga mikirin cowo melulu,0
males banget pla  asa ga beres  wkwk  pa rawosi ga masalah ,0
barang yg pilih nyesuain budget aja 7 pilih atas,0
ambil bulan sampe desember  kamar dua sodara,0
sok  uang kas  kira2 ,0
jajar kantin 79 kesana deket2 pengkol pokok kang  tulisanya da,0
jam 12 wid  berangkat jam 10,0
jam 8 berangkat aja gmn teh,0
jam brp brpnya bsk kabarin ngumpul sore yaaaa,0
agendain  suka ga wkwkwk,0
gitu kang  singgung ,0
januari mah ambil 1x minggu aja  masuk minggu januari ,0
januari pokok sapa mana libur fix aamiin,0
jemput poskamling cilimus dee,0
jd kpnnnih  kantor ambil form  lg ngasih lapor  jd lapor ga lampir,0
jd nih murid guru  si guru ngasih uji  hasil uji murid dibandingin guru  yg bener  trs outputnya skor hasil uji,0
jgn lupa malam jgn malam aja  ada aja jg,0
jemari jabat batin rindu ikhlas maaf  pesan jemari silaturahmi  mohon maaf lahir batin,0
poin s d tgl 16 08 16  18 poin  kategori red  laku poin s d 31 des 2016,0
ka ga liat kosannya skrg   ngerjain uts take home ka,0
13 5 ayam kremes cabai ijo teh  bakar rica rica kasih 15rb deh  pakai box air gelas,0
agus sept blm jamin kosong,0
gamepro uasnya materi praktek ,0
gagal  urg pindah haluan deh,0
bikin model controller mending y ,0
pertable emg lbh rapih lapor sih mad cuman bingung pertable kdgkan yg dipake didr bbrp table gmn tuh mad ,0
kalem  diantapani uji intan  hher,0
udh brp kali bimbing  ngomongin aja blm,0
kalo daun pepaya mah bungkus daun pake pepaya put,0
kalo ngasihinnya habis ashar aja gpp ,0
kalo sih tabel nama1  mnyesuaikan butuh  ,0
kalo daftar doang prasidang ga ,0
kalo engga aqila 600 bulan gatau engga deh,0
kalo grup c1 jarang baca haha jd suka tinggal kabar berita,0
kalo raditya dika tuh pandang org ttg cinta ubah alami patah hati hebat  haha,0
kalo kep  ribu mending nih  tinggal duduk manis unpad du,0
kalo masak bawa bahan dr rumah masing2 biar irit wkwk,0
kalo ngga besok kampus senin nama1 kampus nya,0
kalo nonton hr mahal yah  week end,0
kalo pacar jg cowonya yg sayang guys  biar ga ngebatin,0
kalo pake daging yg dah rebus enak gak dijadiin sate ,0
kalo satpam bilang aja ketemu,0
kalo udah ad progres besok aja jam 2an kesini ,0
bandungg  ,0
sibuk ngapain aja sana ,0
yah ngajakin ,0
bapak ngomong2 ya  trs  blg lg rame ma sibuk kampus yaa,0
gatau ngeditnya kek gmn haha,0
karna qaqa  ngomong gituch,0
kang nama1 tuh menang 2 milyar hahaha  kemakom prestasi,0
kantin fip nama1 td pus  tp bntar lg sholat,0
si surabaya besok  hati kamis kantor gimana ,0
kartu sim hasil ganti  terima kasih,0
kasih norek aja belah  tau yg  jg hak untk udunan wkwk  bilang bts trfr  niat ,0
kantor siang aja ,0
kek liat undang prodi,0
kmpul yu sblum puasa  - ,0
kolam renang  gymnas gik,0
yg stay pdg aja mah tinggal cuss aja meet up nya,0
ko gtu ya parah bgt jam kerja ngeroko  biar dapet inspirasi meren ya,0
optimis ngga yah ,0
koreksi salah  bis lupa  bagus sih coba  nggak mubazir  dibalikin csv ya pake transformasi ,0
krn pulsa limit cukup  dptkan informasi putar kartu tri  123  via aplikasi bimatri,0
ku 300 ratus nih tabung nama1 tabung nama1  cabut  manaada  ,0
kumpul aja lab basdat biar bareng2,0
kumpul makan daging  gak resto  d,0
tau sep periksa controllernya instansiasi new tcpdf   lupa,0
ga gera sma si kaka tp kalo dianterin ga enak,0
lebay gt  meni gitu ama mama teh gak blg2 ,0
lingkung kerja asap  kalo gak ngerokok ya nge-vape gitu coba  cowok banyak,0
load controller construct mad  kmren coba ga bs paksa dlm fungsi,0
maaaaaaaaf  lupaaa  hp nyala dadi pagi pulang kosan  maaf pisaaaan  ,0
maaf aktif paket flash nomor daftar,0
maaf bu jam ya ketemu bu  bgmana baik,0
maaf bu pesan bebek ayam ya,0
maaf kaprodi yah hehe,0
maaf  keyword masuk 234 salah  info hub call center  200,0
maaf  pesan kirim  sila coba  terimakasih,0
maaf  pulsa beli paket flash pilih  silah isi ulang pulsa ,0
maafin ya guys gak huhuhu,0
mah mel kosan dila  habis kerja kelompok pegat hujan  ,0
tibatiba layar hitam gt diapain  jatoh ,0
makasih gais doa yg juang ya ,0
makasih semuanyaaa mohon doa yaaa,0
malem aja  jam 5 nanggung banget mw maghrib haha,0
duduk plg kdg ga tau dblkg  yg hdr yg engga  wkwk,0
mandi   selesei isya bobo,0
masak dikosan makan orek buat min,0
ikut gaaaa wkwkwkwk,0
ngerasa salah ama sebenernya,0
sungai diil ,0
mati services spt antivirus dll ,0
kirim foto2 selempang yg  makasihhh,0
gojek ga driver kaya   bawa  ,0
nitip ga gerlong ,0
dibawain kacamata ga  jam 10,0
 sunday  slainya ,0
baik bug2 karna ganti db bbrp  lg enak nonton td ditelfon ,0
merica jeruk nipis ajaa,0
mgkin periksa nama id view jg sep,0
min kalo inpo kosan bulan share ya ,0
min lg dmn  mo ngambil sertifikat yg kompas hihu,0
mal aidzin walfaidin  mohon maaf lahir batin ya akang teteh ,0
minggu ken lembang git hari ngubek bandung  ,0
email github nya ,0
mohon maaf lahir batin ipa3,0
mohon maaf malam konfirmasi remedial  nilai remedial,0
ga birthday nya  wkwk,0
mudah2an ya dil  besok coba telkom lg  doain yah  tear ,0
mul snack teteh kasih rafael ya,0
aa nya tau kl wajah nama1 beda pas gaya  up ,0
murah nuy 30seorang  drpd angkot 15rebu  ngetem  macet  gt,0
kelapa ledeng turun ciateul  terminal bgt  kalapa dayeuh kolot turun kantor bgt ,0
nama table table pasien irj gnti data pasien  lupa,0
push aja ya kuota modem lg hbs,0
siaraan diil,0
plg wisuda lgsg ksana  awas telat  telat plg ,0
sync aja github dekstop nya ,0
ngajak wida tuh  beliau habis seminar  hihip,0
nikah proses put  kadang atas  kadang bawah  gak enak enak wkwkwkwk,0
nomor otp  8874  -telkomsel-,0
ntar kirim link nya,0
numpang teduh wkwk  tuju,0
numpang promo yah  tau minat  liat instagram nya,0
nama1 udh nama1 transfer  maacih nur ,0
nama1 lg ngerjain tes ngoding upi net  kalo mo pake motor  tp motor bgt,0
nya sore we atuh gi  kalo pagi  siang weekend nya,0
oh oke de  isi deposit transfer kmn ,0
oh oke lgsg kesana pasti buka jam  bebek komar yg dt ,0
oh pantesan tau gitu lgsg foto pusat aja put,0
oh udh berangkat kaya  ga koneksi ,0
oh udah yah haha bingung jd gimana udh tinggal chat,0
oh  lurah dll data pasien  butuh oge ,0
oiya ya nama1 ih knapa bsa  sayang bgt tabung  ,0
ok lihat hadir  yg nyaris2 nilai ,0
ok   kabarin yah  no m3 blokir  ga paket data  smsin aja asmul ya  kbtulan free wife,0
ok data dummy diagnosa pasien ya  punten  makasih,0
okayyy  siang jam 1an hehe  ga mana ,0
oke deh jg emang ken ngumpul sih lg  ,0
oke nama1  udah beres bimbing kesana,0
oke gais tp dsni udh reda hujan  dtggu ya,0
oke dp  ,0
oke  senin deh ya kantor  sms bapa  lapor nyusul aja gt lapor jg lampir revisi uji ,0
oke  bentar solat,0
okeee telor butuh segimana ,0
okeyyy malem aja ya bahas aja yg bawa,0
oo brp dit ,0
ooh iya klo controler  ku td model ,0
ouhhh gitu yaudah ntar besok chat kalo mo ngampus,0
ouhhh trs ngedeteksi dil  output nya ,0
ga aktif si tombol algoritma2 nya teh ga ngerti,0
ngampus jamber gais ,0
kesana kyknya nama1,0
pagi bu nama1 bebek komar  bu pesan besok bu  menu pesan ya bu  antar ya  nuhun,0
nama1 titip pesan  jumat pagi kumpul trus bapa tolong bareng2 bujuk nama1 kuliah,0
porsi ya ,0
sen nasi goreng spesial 2 bungkus graha desilla kmr 14 ,0
nilai remed ambil nilai nya remed nya ,0
pake 6 0 bingung,0
 indeks nilai b gabisa diturunin  kemaren liat nilai udah b  tiba2 turun b- nilai pake  -,0
 mk nama1 kontrak data mining dgn kode ik566 dwm  yg penginputan nilai  terimakasih ,0
pake kamera nama1 2  kamera nama1 1  handy cam prodi 1,0
paket sore dadak habis ,0
ikhlas aja  yg nyumbang mangga  yg ngga  mangga gt,0
pas ngomong gtu km langsung diem ya nuy  kikuk gtu diomongin kek gtu,0
pas sma gak  tp kuliah org tua udah 2x pulang kampung,0
paspor panjang bayar nya brp nuy ,0
patah hati level  jd quotes put,0
pakai internet sdh capai batasfup  cepat sesuai lebih eks dgninternetgaul bulan rp29 900  http  net axisworld co id info838,0
guna 35417 00 penuh pakai pulsa minimum  aktif kartu panjang 30 aktif 04 10 2016,0
penuh nama1  si nama1 nyari  udh penuh ,0
pergi kelapa turun pasar bunga wastukencana  caringin-sadang serang jalan,0
minta proses  paket internet non-aktifkan  laku tariff dasar internet ,0
siap dokumen draftnya ambil ruang  slide presentasi tuk uji ,0
usaha aja tau ,0
pesan nama1  assalamu alaikum wr wb   indonesia android kejar bekerjasama depilkom ada latih android level intermediate  slot 2 orang  syarat app android ngebuild android studio  barang kali kelas minat  nuhun o ya latih sabtu besok  2 april  sabtu 7 temu  tempat lab praktikum ,0
pesan  342877938 - mohon transfer rp 59 755 bni account     24 jun  2016 mohon periksa email info ,0
pilih hemat 2 jt lulus oct nanggung,0
plg yth  paket 10 mb 1  kena tarif non paket aktif paket flash  363 ,0
poko push bilang aja usahain  bis bareng push nya  push  pull ,0
pulang nya jam 8  kecewa ,0
punten  kontak teh lulu 2011  nuhuun,0
pusat situ dy bandung pasir koja  cmn bangun lg bangun  jd td interview toko nya  toko bangun,0
nama1 gedung manunggal tridaya pucakti pusenkav teh 1 5 wkwk,0
nama1 hunting kosan bentar gmn  ngerjain dmn ,0
sidang depaaan mel  jahaaat pisaaan,0
registrasi gagal  harap masuk tanggal  01 - 31   format ddmmyyyy,0
route nya matiin aja  akses project tembak aja ,0
rumah gais  pager garasi  karna pager orang tutup rumput liar hehehehe,0
saat2 baik cari pasang tuh pas kuliah sih  enak tempat kerja ,0
salam jepret karet gelang  hihip,0
ingetin ya  web nya publish  develop tuh  web nya nama jurus ga ,0
 web pake dapet komisi tuh  ciprat ga  nanya aja  hehe  da gapapa meren nanya gitu  engga ciprat hapapa  seengganya web nya ,0
 ooh report ko bumiputera  ngedit nomer 16 nya  post ,0
opsi nabung nilai  kontrak semester nilai masuk semester tsb ,0
blm dpt ttd nama1  duluan aja  nyusul ,0
brsik cuti bati kantor har rabu,0
seri pg  harap lihat teman  sebab nilai pg jeblok kemarin    batas ruang pake yg ,0
ijin undur  penting mangga japri  terima kasih  middle eastern woman ,0
kota sd jumat  senin tgl 12 pagi aja  jam 9   gabung gameprog ,0
maaf apa buat  maaf lisan jaga  maaf perilaku  maaf salah sadar sadar ,0
simpul  debat yg cupu ilmu nya  pertanggungjawaban pasca teliti yg moal pegang  sayang ortu kampus yg ken lulus cepat,0
nunggu beliau  beliau sdg ngobrol dgn client,0
scroll up down olshop nama1,0
sebenernya nama1 gada bulan tau  kasih izin aja gitu  bayar 6jt,0
segan baa lo ko wqwq hai  gila kurus banget skrg diii,0
nanya alur rawat inap lab radiologi  obat ga ngolah ,0
libur malaysia wkwk,0
cetak  rundown jg dkrm email nama1 nuhun  dtgu d prodi 4 30 cepat 30 menit ,0
ide gabung device hp sumber sensor  deteksi longsor gempa kait trend  iot  internet of thing   silah yg tarik  ,0
selamat pagi  data table yg butuh email  email msk ,0
selamat siang  reservasi bandros orang ,0
selamat sore  besok kantor jam brp ,0
selamat sore teh  dg nama1 lg nyari kosan bulan  yg kosong teh sana  terima kasih ,0
selamat tcash tap aktif sn  100011398478 tgl  21 08 2016 12 36 10 info  800 ,0
selamat ulang moga umur sehat,0
selamat utk teman2 yg wisuda  moga berkah ilmu lancar urus depan  sukses kt  ,0
selamat nama1  moga tempuh hidup bahagia senang,0
selamat guys  karna  lulus bareng  hibur,0
selamat guys  karna  nikah bareng  kebaperan  naonaridyah,0
selisih brp  sesuai janji sbelumhya  yg nilai batas cek hadir  ya gak   gak habis turun ,0
semangat gita  putri adison esok  moga baik  aamiin,0
semangat   jg bunga titipin ya  eh bunga makan wid ,0
mau ama orang  gak gak jodoh  segeleh-gelehnya nikah kalo jodoh,0
moga allah ,0
moga cepat sembuh ,0
udah masuk  database sindo nggak real time ,0
senin mah lepas doang  brngktnya selasa egi senin berangktnya ,0
sep udh pull tp direpository git ga msk ya,0
sepupu ane masuk kuliah,0
setting ponsel kirim  masuk pin  1111  terimakasih,0
setting kirim ponsel  ikut tunjuk selesai setting internet kirim fot mms,0
silah berkas dambil ruang,0
silah klo pd besok gpp  nyusul aja lapor bapak  udh ngehubungin jg ,0
silah tebak umur,0
multiple choice essay  yg weka masuk essay  file kumpul ,0
ujug2 dtng  nya bilang bimbing bls wa ya  biar estimasi  gitu,0
bapa liat database ,0
fitutnya lengkap ,0
udah ditambahin,0
sok bebas gmna  bsok hayu  jumat oke,0
struktur data  pla  skripsi  sidang,0
subuh jg abis maghrib teh ahaha,0
email  cantum direct link email kalo file google drive download,0
sundae min sirup kiwi pake cochochips  ,0
cepat  tolong posisi duduk atur  jarak kolom kosong selang seling ,0
udah temu beliau pa beliau  uji bisanga besok pa ,0
daging kurban mentah udah ga 3,0
kuliah  sp kuliah yg praktikum ,0
masukin aja  data pasien ,0
taqoballahu minna waminkum   selamatmenyambutkemenangan,0
teh ketemu,0
teh maaf teteh sibuk gpp bayar besok aja pas kirim,0
temen  yg ya undang grup,0
terima kasih konfirmasi  order proses ,0
terimakasih isi ulang dgn sn 41000795569091 nila 20000 ,0
terimakasih  daftar langgan tcash ,0
terimakasih  paket 60 mb aktif  cek bonus  889   katalog poin lengkap tsel me telkomselpoin  s  k laku,0
lepas dr pelaku2 nya  ambil dr sisi guru nya  tarik bgt ,0
format beranta odp google sheet  sdg rapi  besok subuh harap cek ya ,0
tersrrah aja  pagi nggak pa2,0
nanya  masuk suka pagi siang kadang siang sore  gimana sananha ,0
tes toefl balai weekend ga ,0
kali dil  april  juli  okt,0
nama1 udah pus nama1  yuk kesini tika tugu pus ya,0
nama1 kelompok sistem ajar bhs jepang ajaa ,0
nama1 kemaren kamera handycam msceis pake kamera aj ,0
topup pulsa rp50000 hasil via transfer atm bni kode trx 01123190427523627 pulsa rp 54205 terima kasih indosat ooredoo,0
tp gak tarik gt sih usaha  org it nya,0
tp lucu ngebayangin pacar teh hahahaha,0
tp tau teori doang sih  da blm ngerasain yg rumit2,0
tp ya  temen mah  ga halang hdr kyknya hihi,0
tp ya ,0
tp klo jd mmber mh bsa lbh murah dil,0
traveloka com  your e-ticket summary 25-07-2016 15 30 xpress xn-738 pdg-bdo dzzzz total  1 passenger  s ,0
tunggu aja lobi kalo ya ,0
udah aa aa sih  makan mah cewek2  lupa ih muka dy gak nginget wajah hahaha,0
udah benerin  sync  backup filenya sync push file ,0
udah beres2in  tp lampu depan yg mati kl gasalah,0
udah ga bimbing ,0
udh teh bapa bsk kantor cuman blm dbls lg jamber  jd blm jg,0
nama1  ntar bilang aja kaka  pas instal ulang gagal ngeformat c nya  error tpi data c nya udah format  pas nyoba instal windows nya  muncul error yg  error code 0x80070057  yg rusak harddisk nya ,0
ayam bakar rica rica brp ,0
dwm klasifikasi  algoritma dasar random forest akurasi model kira2 0 8 data test  data yg kemarin uas prediksi   akurasi yg 0 75 mhs akurasi 0 75 nilai maksimal  20point   akurasi tinggi 0 77 oleh nama1,0
yg kontrak game prog  dwm   jadwal gemastik  kompetisi besar prodi ilkom if  peluang bidang ,0
urang mah kaya dah jumat  jam 2an  pa lala bentar ,0
usul  anak sospol yg minat turun deh  ajar ttg,0
waaah keren kang,0
waalaikumsalam  jumat ya 9 ,0
waalaikumsalamin yg dpt bantu min ,0
iya dy  haha sabar bgt anak teh jd we yg gtau ngomong  ,0
mantap  ok  btw nge-cc perihal sponsor jg ya osnnya  moga yg baik utk kemakom,0
repot kalo asumsi gitu  kadang yg ganti kelompok  biasa dokumen nama  klau print periksa offline bingung masuk gak nama satu ,0
malas sep hihi  jd rapih aja ,0
wid jgn plg ketemu  brgkt jam 5 hehe,0
wihh nyimper koper dmn  motor gigi ,0
wisuda jumat,0
wkwk tumben kar masing2 kar  sampe yg warna 3,0
wooh yg nikah  udah lulus langsung diiket,0
ya ampuun jendral wk,0
ya masuk aja  tugas quiz  ngejar dikit  materi location aware app  temu masuk sensor ,0
ya nggk jd masalh  model diload dicontroler aja ,0
yah dikostan temen dil  hihi,0
yahh ya  urgent wkwk,0
luang besok futsal ya jam 4 sampoerna  s ngaret,0
sinonim ,0
yaudah gausah babakaran atuh  yg pake kompor aja  ribet nyalain arengnya,0
yaudah mah eta harddisk laptop maneh keluarin dijadiin harddisk external aja  cari temen case nya  entar data copy-in  maneh ngerjain aja ga laptop,0
yaudah  data dummy diagnosa pasien,0
yg butuh kosan bulan langsung ditempatin  lokasi gang samping gokana setiabudi  khusus cewe jam bebas  bersih  fasilitas kasur lemari kunci pegang masing2  harga 725 bulan  hub     id line  titaniadbl,0
yg dian ge yudisium sore2  ga dibarengin nondik sampe jam 6kurang yudisium teh,0
yg ngampus ken titip bawain skl prodi,0
yg ragu sm bulet datar yg pgn ikut debat kusir  v,0
yg belah warteg bahri sebrangnya  yg 15,0
yooo sama2  oke umumin grup kelas,0
 ga ad nulis kerudung  kirain warna jins,0
mba kirim 300 ya,0
nama1 beaok bwrangkat pagi  cas atay tranfer ,0
no bri nama,0
